Data;WAEDENSWIL-WEINBAU - Temperatura media +2 m (°C);WAEDENSWIL-WEINBAU - Umidità delle foglie (min);WAEDENSWIL-WEINBAU - Umidità media (%)
07.07.2022 00:00;19.8;0;52
07.07.2022 01:00;17.9;0;60
07.07.2022 02:00;17.6;0;57
07.07.2022 03:00;17.6;0;55
07.07.2022 04:00;17.2;0;58
07.07.2022 05:00;16.4;0;63
07.07.2022 06:00;16.3;0;63
07.07.2022 07:00;16.8;0;64
07.07.2022 08:00;17.8;0;62
07.07.2022 09:00;19.4;0;58
07.07.2022 10:00;20.1;0;56
07.07.2022 11:00;21.3;0;54
07.07.2022 12:00;21.6;0;52
07.07.2022 13:00;21.9;0;49
07.07.2022 14:00;22.6;0;49
07.07.2022 15:00;22.9;0;50
07.07.2022 16:00;23;0;50
07.07.2022 17:00;22;0;54
07.07.2022 18:00;21.7;0;54
07.07.2022 19:00;21.5;0;56
07.07.2022 20:00;21;0;58
07.07.2022 21:00;20.4;0;61
07.07.2022 22:00;19.7;0;62
07.07.2022 23:00;19;0;65
08.07.2022 00:00;18.9;0;64
08.07.2022 01:00;18.4;0;64
08.07.2022 02:00;17.9;0;68
08.07.2022 03:00;17.5;0;71
08.07.2022 04:00;17.2;0;71
08.07.2022 05:00;16.8;0;73
08.07.2022 06:00;16.6;0;74
08.07.2022 07:00;16.7;0;74
08.07.2022 08:00;18;0;71
08.07.2022 09:00;18.4;0;68
08.07.2022 10:00;19.2;0;64
08.07.2022 11:00;20.1;0;58
08.07.2022 12:00;20.8;0;55
08.07.2022 13:00;21.5;0;52
08.07.2022 14:00;22.3;0;48
08.07.2022 15:00;23.1;0;45
08.07.2022 16:00;23.7;0;42
08.07.2022 17:00;24;0;40
08.07.2022 18:00;23.9;0;39
08.07.2022 19:00;23.7;0;36
08.07.2022 20:00;23.1;0;38
08.07.2022 21:00;20.5;0;49
08.07.2022 22:00;18.6;0;53
08.07.2022 23:00;16.8;0;62
09.07.2022 00:00;15.9;0;68
09.07.2022 01:00;15.6;0;70
09.07.2022 02:00;14.9;0;76
09.07.2022 03:00;14.5;0;78
09.07.2022 04:00;14.6;0;72
09.07.2022 05:00;14;0;74
09.07.2022 06:00;14.1;0;77
09.07.2022 07:00;16.2;0;72
09.07.2022 08:00;18.1;0;61
09.07.2022 09:00;18.9;0;61
09.07.2022 10:00;19.9;0;57
09.07.2022 11:00;21.1;0;56
09.07.2022 12:00;22.3;0;50
09.07.2022 13:00;23.1;0;46
09.07.2022 14:00;24;0;44
09.07.2022 15:00;24.6;0;43
09.07.2022 16:00;25.1;0;41
09.07.2022 17:00;25.4;0;38
09.07.2022 18:00;25.5;0;36
09.07.2022 19:00;25.6;0;36
09.07.2022 20:00;22.3;0;51
09.07.2022 21:00;20.8;0;57
09.07.2022 22:00;19.7;0;57
09.07.2022 23:00;19.5;0;55
10.07.2022 00:00;18.5;0;61
10.07.2022 01:00;17.1;0;70
10.07.2022 02:00;18.6;0;65
10.07.2022 03:00;17.7;0;70
10.07.2022 04:00;17.1;0;75
10.07.2022 05:00;18.1;0;74
10.07.2022 06:00;17.5;0;72
10.07.2022 07:00;17.9;0;73
10.07.2022 08:00;18.3;0;73
10.07.2022 09:00;19.4;0;70
10.07.2022 10:00;20.5;0;66
10.07.2022 11:00;21.5;0;64
10.07.2022 12:00;22.3;0;61
10.07.2022 13:00;22.5;0;60
10.07.2022 14:00;23.4;0;56
10.07.2022 15:00;24.3;0;49
10.07.2022 16:00;24.7;0;49
10.07.2022 17:00;24.8;0;47
10.07.2022 18:00;24.3;0;47
10.07.2022 19:00;23.7;0;52
10.07.2022 20:00;22.9;0;56
10.07.2022 21:00;21.5;0;58
10.07.2022 22:00;20.5;0;57
10.07.2022 23:00;19.5;0;57
11.07.2022 00:00;18.5;0;59
11.07.2022 01:00;17.6;0;61
11.07.2022 02:00;17.1;0;63
11.07.2022 03:00;16.3;0;66
11.07.2022 04:00;14;0;78
11.07.2022 05:00;13.4;0;79
11.07.2022 06:00;14;0;77
11.07.2022 07:00;16;0;69
11.07.2022 08:00;17.5;0;66
11.07.2022 09:00;18.4;0;60
11.07.2022 10:00;19.9;0;56
11.07.2022 11:00;20.5;0;54
11.07.2022 12:00;21.8;0;51
11.07.2022 13:00;22.8;0;50
11.07.2022 14:00;23.8;0;50
11.07.2022 15:00;24.5;0;48
11.07.2022 16:00;24.9;0;48
11.07.2022 17:00;25;0;48
11.07.2022 18:00;24.8;0;47
11.07.2022 19:00;24.4;0;49
11.07.2022 20:00;23.5;0;51
11.07.2022 21:00;21.7;0;58
11.07.2022 22:00;19.1;0;67
11.07.2022 23:00;17.8;0;74
12.07.2022 00:00;17.2;0;80
12.07.2022 01:00;16.2;0;85
12.07.2022 02:00;16.3;0;81
12.07.2022 03:00;15.8;0;84
12.07.2022 04:00;15.9;0;82
12.07.2022 05:00;15.6;0;83
12.07.2022 06:00;16.2;0;82
12.07.2022 07:00;17.3;0;80
12.07.2022 08:00;19.4;0;71
12.07.2022 09:00;20;0;71
12.07.2022 10:00;21.1;0;64
12.07.2022 11:00;22.1;0;64
12.07.2022 12:00;23.8;0;57
12.07.2022 13:00;25;0;49
12.07.2022 14:00;26;0;43
12.07.2022 15:00;26.5;0;39
12.07.2022 16:00;26.9;0;36
12.07.2022 17:00;27;0;37
12.07.2022 18:00;27;0;36
12.07.2022 19:00;26.4;0;38
12.07.2022 20:00;25.3;0;41
12.07.2022 21:00;21.6;0;50
12.07.2022 22:00;19.2;0;54
12.07.2022 23:00;18.6;0;58
13.07.2022 00:00;18;0;58
13.07.2022 01:00;17.1;0;62
13.07.2022 02:00;16.5;0;64
13.07.2022 03:00;16.4;0;63
13.07.2022 04:00;16;0;65
13.07.2022 05:00;15.3;0;70
13.07.2022 06:00;16;0;67
13.07.2022 07:00;18;0;66
13.07.2022 08:00;19.9;0;65
13.07.2022 09:00;20.9;0;57
13.07.2022 10:00;22.4;0;50
13.07.2022 11:00;24;0;46
13.07.2022 12:00;24.8;0;46
13.07.2022 13:00;25.9;0;42
13.07.2022 14:00;27.6;0;36
13.07.2022 15:00;28.5;0;38
13.07.2022 16:00;29.4;0;34
13.07.2022 17:00;29.9;0;37
13.07.2022 18:00;30;0;35
13.07.2022 19:00;28.3;0;39
13.07.2022 20:00;26.3;0;47
13.07.2022 21:00;25.3;0;47
13.07.2022 22:00;24.4;0;47
13.07.2022 23:00;22.4;0;51
14.07.2022 00:00;22.3;0;53
14.07.2022 01:00;22;0;52
14.07.2022 02:00;21.2;0;57
14.07.2022 03:00;21.3;0;58
14.07.2022 04:00;21.1;0;64
14.07.2022 05:00;21.2;0;65
14.07.2022 06:00;21.3;0;65
14.07.2022 07:00;22.2;0;64
14.07.2022 08:00;24.4;0;62
14.07.2022 09:00;25.5;0;55
14.07.2022 10:00;26.2;0;54
14.07.2022 11:00;27.5;0;49
14.07.2022 12:00;29;0;44
14.07.2022 13:00;30;0;41
14.07.2022 14:00;31.5;0;36
14.07.2022 15:00;32.3;0;34
14.07.2022 16:00;33;0;34
14.07.2022 17:00;33.2;0;31
14.07.2022 18:00;33.4;0;28
14.07.2022 19:00;32.1;0;34
14.07.2022 20:00;29.8;0;36
14.07.2022 21:00;27.4;0;38
14.07.2022 22:00;26.4;0;39
14.07.2022 23:00;25.9;0;41
15.07.2022 00:00;24.7;0;46
15.07.2022 01:00;24.9;0;49
15.07.2022 02:00;23.7;0;56
15.07.2022 03:00;21.9;0;57
15.07.2022 04:00;20.5;0;63
15.07.2022 05:00;19.5;0;65
15.07.2022 06:00;19.5;0;64
15.07.2022 07:00;20.6;0;61
15.07.2022 08:00;21;0;59
15.07.2022 09:00;22.4;0;56
15.07.2022 10:00;23.5;0;53
15.07.2022 11:00;23.9;0;54
15.07.2022 12:00;24.9;0;52
15.07.2022 13:00;25.8;0;49
15.07.2022 14:00;26.6;0;47
15.07.2022 15:00;27.6;0;42
15.07.2022 16:00;27.4;0;42
15.07.2022 17:00;27.4;0;40
15.07.2022 18:00;27.7;0;38
15.07.2022 19:00;27.5;0;36
15.07.2022 20:00;26.5;0;38
15.07.2022 21:00;25.3;0;40
15.07.2022 22:00;24.2;0;44
15.07.2022 23:00;22.4;0;49
16.07.2022 00:00;22.7;0;46
16.07.2022 01:00;22.5;0;48
16.07.2022 02:00;19.7;0;60
16.07.2022 03:00;18.5;0;64
16.07.2022 04:00;17.6;0;65
16.07.2022 05:00;16.8;0;66
16.07.2022 06:00;16.6;0;68
16.07.2022 07:00;18.8;0;59
16.07.2022 08:00;20.3;0;58
16.07.2022 09:00;21.2;0;56
16.07.2022 10:00;22.2;0;54
16.07.2022 11:00;23.4;0;50
16.07.2022 12:00;24.8;0;46
16.07.2022 13:00;25.7;0;43
16.07.2022 14:00;26.4;0;42
16.07.2022 15:00;27;0;39
16.07.2022 16:00;27.5;0;37
16.07.2022 17:00;27.7;0;35
16.07.2022 18:00;27.9;0;36
16.07.2022 19:00;27.9;0;34
16.07.2022 20:00;26.3;0;39
16.07.2022 21:00;21.6;0;55
16.07.2022 22:00;20.5;0;55
16.07.2022 23:00;21.5;0;51
17.07.2022 00:00;22.1;0;48
17.07.2022 01:00;21.6;0;49
17.07.2022 02:00;19.7;0;55
17.07.2022 03:00;17.4;0;65
17.07.2022 04:00;16.9;0;66
17.07.2022 05:00;16.4;0;68
17.07.2022 06:00;16.7;0;69
17.07.2022 07:00;18.5;0;61
17.07.2022 08:00;20.4;0;57
17.07.2022 09:00;21.4;0;53
17.07.2022 10:00;22.1;0;52
17.07.2022 11:00;23.3;0;51
17.07.2022 12:00;25.1;0;48
17.07.2022 13:00;27;0;42
17.07.2022 14:00;27.9;0;39
17.07.2022 15:00;28.6;0;37
17.07.2022 16:00;29.1;0;35
17.07.2022 17:00;29.5;0;35
17.07.2022 18:00;29;0;38
17.07.2022 19:00;28.3;0;40
17.07.2022 20:00;26.6;0;45
17.07.2022 21:00;22.4;0;54
17.07.2022 22:00;20.8;0;58
17.07.2022 23:00;20.1;0;60
18.07.2022 00:00;18.8;0;66
18.07.2022 01:00;19;0;65
18.07.2022 02:00;18.8;0;67
18.07.2022 03:00;17.6;0;73
18.07.2022 04:00;17.5;0;77
18.07.2022 05:00;17.5;0;75
18.07.2022 06:00;17.9;0;74
18.07.2022 07:00;19.8;0;72
18.07.2022 08:00;21.9;0;68
18.07.2022 09:00;22.3;0;66
18.07.2022 10:00;23.6;0;60
18.07.2022 11:00;24.6;0;59
18.07.2022 12:00;25.9;0;57
18.07.2022 13:00;27.8;0;51
18.07.2022 14:00;30.1;0;35
18.07.2022 15:00;31.7;0;30
18.07.2022 16:00;32.1;0;27
18.07.2022 17:00;31.9;0;33
18.07.2022 18:00;31.2;0;35
18.07.2022 19:00;30.9;0;38
18.07.2022 20:00;27.8;0;46
18.07.2022 21:00;23.6;0;51
18.07.2022 22:00;22.3;0;50
18.07.2022 23:00;21.6;0;54
19.07.2022 00:00;20.9;0;56
19.07.2022 01:00;19.5;0;61
19.07.2022 02:00;20.5;0;54
19.07.2022 03:00;19.3;0;60
19.07.2022 04:00;19;0;61
19.07.2022 05:00;18.3;0;65
19.07.2022 06:00;18;0;70
19.07.2022 07:00;20.7;0;67
19.07.2022 08:00;22.6;0;66
19.07.2022 09:00;23.6;0;58
19.07.2022 10:00;24.8;0;52
19.07.2022 11:00;26.1;0;49
19.07.2022 12:00;28.1;0;45
19.07.2022 13:00;29.1;0;46
19.07.2022 14:00;30.3;0;42
19.07.2022 15:00;31.5;0;38
19.07.2022 16:00;33;0;35
19.07.2022 17:00;33.2;0;35
19.07.2022 18:00;34;0;30
19.07.2022 19:00;32.5;0;34
19.07.2022 20:00;28.4;0;46
19.07.2022 21:00;26.1;0;52
19.07.2022 22:00;24.4;0;58
19.07.2022 23:00;23.9;0;59
20.07.2022 00:00;22.9;0;65
20.07.2022 01:00;22;0;68
20.07.2022 02:00;21.7;0;70
20.07.2022 03:00;21.4;0;74
20.07.2022 04:00;20.9;0;76
20.07.2022 05:00;20.7;0;78
20.07.2022 06:00;21.1;0;78
20.07.2022 07:00;24.3;0;71
20.07.2022 08:00;25.7;0;70
20.07.2022 09:00;26.6;0;63
20.07.2022 10:00;27.1;0;61
20.07.2022 11:00;28.9;0;56
20.07.2022 12:00;31.1;0;46
20.07.2022 13:00;31.5;0;49
20.07.2022 14:00;32.1;0;45
20.07.2022 15:00;32.8;0;41
20.07.2022 16:00;33.1;0;43
20.07.2022 17:00;31.4;0;43
20.07.2022 18:00;27.2;10;53
20.07.2022 19:00;19.4;60;100
20.07.2022 20:00;19.9;60;99
20.07.2022 21:00;20.5;60;95
20.07.2022 22:00;20.2;60;100
20.07.2022 23:00;19.8;60;100
21.07.2022 00:00;19.8;60;100
21.07.2022 01:00;19.9;60;100
21.07.2022 02:00;20.3;60;100
21.07.2022 03:00;20.3;60;100
21.07.2022 04:00;20.5;60;100
21.07.2022 05:00;19.8;60;100
21.07.2022 06:00;19.9;60;100
21.07.2022 07:00;20.4;60;100
21.07.2022 08:00;21.4;60;100
21.07.2022 09:00;21.6;50;86
21.07.2022 10:00;21.6;0;80
21.07.2022 11:00;22.5;0;74
21.07.2022 12:00;23.7;0;71
21.07.2022 13:00;24.5;0;68
21.07.2022 14:00;25.7;0;61
21.07.2022 15:00;26.1;0;60
21.07.2022 16:00;26.5;0;58
21.07.2022 17:00;27.4;0;55
21.07.2022 18:00;27.8;0;56
21.07.2022 19:00;27.4;0;54
21.07.2022 20:00;25.3;0;63
21.07.2022 21:00;23.3;0;72
21.07.2022 22:00;21.8;0;80
21.07.2022 23:00;20.7;0;88
22.07.2022 00:00;20.4;0;87
22.07.2022 01:00;19.7;0;88
22.07.2022 02:00;18.8;0;94
22.07.2022 03:00;18.8;0;93
22.07.2022 04:00;18.6;0;91
22.07.2022 05:00;18.5;0;92
22.07.2022 06:00;18.2;0;95
22.07.2022 07:00;20.2;0;82
22.07.2022 08:00;21.7;0;77
22.07.2022 09:00;22.6;0;76
22.07.2022 10:00;23.8;0;72
22.07.2022 11:00;24.7;0;70
22.07.2022 12:00;26;0;69
22.07.2022 13:00;27.6;0;64
22.07.2022 14:00;28.6;0;62
22.07.2022 15:00;30;0;53
22.07.2022 16:00;31;0;49
22.07.2022 17:00;31.4;0;46
22.07.2022 18:00;31.7;0;46
22.07.2022 19:00;30.7;0;51
22.07.2022 20:00;28.8;0;53
22.07.2022 21:00;28;0;48
22.07.2022 22:00;27;0;50
22.07.2022 23:00;25.9;0;57
23.07.2022 00:00;22.1;60;97
23.07.2022 01:00;21.3;60;89
23.07.2022 02:00;20.1;60;97
23.07.2022 03:00;20.7;60;97
23.07.2022 04:00;20.2;60;95
23.07.2022 05:00;19.8;60;98
23.07.2022 06:00;20;60;100
23.07.2022 07:00;20.1;60;100
23.07.2022 08:00;19.7;60;100
23.07.2022 09:00;19.8;60;100
23.07.2022 10:00;19.7;60;100
23.07.2022 11:00;20.5;60;100
23.07.2022 12:00;22.4;40;94
23.07.2022 13:00;23.3;0;86
23.07.2022 14:00;24.1;0;78
23.07.2022 15:00;25.1;0;75
23.07.2022 16:00;25.7;0;71
23.07.2022 17:00;26.2;0;66
23.07.2022 18:00;26.4;0;67
23.07.2022 19:00;25;0;76
23.07.2022 20:00;23.8;0;84
23.07.2022 21:00;23.2;0;85
23.07.2022 22:00;22.9;0;83
23.07.2022 23:00;22.1;0;86
24.07.2022 00:00;21.3;0;88
24.07.2022 01:00;21.2;0;91
24.07.2022 02:00;20.4;0;97
24.07.2022 03:00;20.2;0;96
24.07.2022 04:00;19.9;0;95
24.07.2022 05:00;19.5;0;91
24.07.2022 06:00;18.9;0;98
24.07.2022 07:00;20.6;0;92
24.07.2022 08:00;23;0;83
24.07.2022 09:00;23.6;0;81
24.07.2022 10:00;24.2;0;77
24.07.2022 11:00;25.1;0;74
24.07.2022 12:00;26;0;72
24.07.2022 13:00;27.5;0;64
24.07.2022 14:00;29;0;55
24.07.2022 15:00;29.6;0;50
24.07.2022 16:00;30.1;0;47
24.07.2022 17:00;30.8;0;44
24.07.2022 18:00;31.3;0;43
24.07.2022 19:00;31.2;0;47
24.07.2022 20:00;26.8;0;63
24.07.2022 21:00;24.5;0;72
24.07.2022 22:00;23.5;0;78
24.07.2022 23:00;22.8;0;86
25.07.2022 00:00;22;0;88
25.07.2022 01:00;21.3;0;88
25.07.2022 02:00;20.7;0;91
25.07.2022 03:00;20.4;0;92
25.07.2022 04:00;20.1;0;95
25.07.2022 05:00;20.1;0;94
25.07.2022 06:00;20.2;0;97
25.07.2022 07:00;22.5;0;90
25.07.2022 08:00;24.7;0;83
25.07.2022 09:00;26;0;75
25.07.2022 10:00;26.7;0;69
25.07.2022 11:00;27.9;0;65
25.07.2022 12:00;29.6;0;57
25.07.2022 13:00;31.8;0;45
25.07.2022 14:00;33.3;0;36
25.07.2022 15:00;33.8;0;32
25.07.2022 16:00;34.1;0;33
25.07.2022 17:00;33.1;0;35
25.07.2022 18:00;32.1;0;40
25.07.2022 19:00;31.4;0;42
25.07.2022 20:00;29.7;0;46
25.07.2022 21:00;28.1;0;47
25.07.2022 22:00;25.7;0;70
25.07.2022 23:00;24.4;0;77
26.07.2022 00:00;23.5;0;81
26.07.2022 01:00;22.8;0;85
26.07.2022 02:00;21.9;30;82
26.07.2022 03:00;19;60;91
26.07.2022 04:00;19.4;60;90
26.07.2022 05:00;19.2;60;99
26.07.2022 06:00;20.1;60;94
26.07.2022 07:00;20.2;60;94
26.07.2022 08:00;19.9;60;89
26.07.2022 09:00;18.4;60;94
26.07.2022 10:00;19.5;60;88
26.07.2022 11:00;21.1;50;80
26.07.2022 12:00;21.5;0;81
26.07.2022 13:00;23.3;0;72
26.07.2022 14:00;23.8;0;66
26.07.2022 15:00;24.6;0;63
26.07.2022 16:00;24.8;0;62
26.07.2022 17:00;25.5;0;54
26.07.2022 18:00;25.1;0;55
26.07.2022 19:00;24.6;0;57
26.07.2022 20:00;24.1;0;57
26.07.2022 21:00;22.9;0;64
26.07.2022 22:00;22.2;0;67
26.07.2022 23:00;21.7;0;70
27.07.2022 00:00;20.8;0;64
27.07.2022 01:00;19.4;0;65
27.07.2022 02:00;20.6;0;57
27.07.2022 03:00;20.5;0;53
27.07.2022 04:00;19;0;59
27.07.2022 05:00;18.1;0;64
27.07.2022 06:00;17.6;0;69
27.07.2022 07:00;19.4;0;63
27.07.2022 08:00;20.5;0;58
27.07.2022 09:00;20.9;0;58
27.07.2022 10:00;21.9;0;58
27.07.2022 11:00;22.5;0;57
27.07.2022 12:00;22.9;0;55
27.07.2022 13:00;24.1;0;50
27.07.2022 14:00;24.6;0;50
27.07.2022 15:00;25.1;0;49
27.07.2022 16:00;25.5;0;46
27.07.2022 17:00;25.9;0;45
27.07.2022 18:00;26.1;0;47
27.07.2022 19:00;24.8;0;51
27.07.2022 20:00;22.2;0;65
27.07.2022 21:00;21.2;0;66
27.07.2022 22:00;20.1;0;68
27.07.2022 23:00;19.5;0;71
28.07.2022 00:00;18.9;0;73
28.07.2022 01:00;18.2;0;77
28.07.2022 02:00;17.6;0;80
28.07.2022 03:00;16.5;0;88
28.07.2022 04:00;16.7;0;85
28.07.2022 05:00;16.1;0;88
28.07.2022 06:00;15.9;0;89
28.07.2022 07:00;18.2;0;76
28.07.2022 08:00;19.9;0;71
28.07.2022 09:00;20.7;0;69
28.07.2022 10:00;21.7;0;67
28.07.2022 11:00;22.6;0;66
28.07.2022 12:00;23.9;0;62
28.07.2022 13:00;25.5;0;55
28.07.2022 14:00;26.5;0;52
28.07.2022 15:00;27.4;0;48
28.07.2022 16:00;28.4;0;44
28.07.2022 17:00;28.4;0;44
28.07.2022 18:00;25.8;20;58
28.07.2022 19:00;21.3;50;83
28.07.2022 20:00;20.8;60;82
28.07.2022 21:00;20.9;60;83
28.07.2022 22:00;19.3;60;90
28.07.2022 23:00;19.3;60;89
29.07.2022 00:00;19.5;60;88
29.07.2022 01:00;18.4;60;93
29.07.2022 02:00;18.1;60;93
29.07.2022 03:00;17.6;60;91
29.07.2022 04:00;17;60;93
29.07.2022 05:00;16.9;60;95
29.07.2022 06:00;17.9;60;93
29.07.2022 07:00;19.2;30;86
29.07.2022 08:00;19.6;0;82
29.07.2022 09:00;19.4;50;88
29.07.2022 10:00;19.6;60;92
29.07.2022 11:00;21.2;20;82
29.07.2022 12:00;22.1;0;78
29.07.2022 13:00;22.4;0;72
29.07.2022 14:00;23;0;68
29.07.2022 15:00;22.2;10;71
29.07.2022 16:00;21.2;0;77
29.07.2022 17:00;19.1;60;94
29.07.2022 18:00;17.8;60;100
29.07.2022 19:00;18;60;100
29.07.2022 20:00;18.7;60;100
29.07.2022 21:00;17.8;60;100
29.07.2022 22:00;16.4;60;100
29.07.2022 23:00;15.7;60;100
30.07.2022 00:00;15.9;60;100
30.07.2022 01:00;16.2;60;100
30.07.2022 02:00;16.5;60;100
30.07.2022 03:00;17.1;60;100
30.07.2022 04:00;16.6;60;100
30.07.2022 05:00;15.6;60;100
30.07.2022 06:00;15.9;60;100
30.07.2022 07:00;17.5;60;95
30.07.2022 08:00;18.6;60;94
30.07.2022 09:00;19.9;60;87
30.07.2022 10:00;21.5;0;80
30.07.2022 11:00;22.7;0;70
30.07.2022 12:00;24;0;62
30.07.2022 13:00;24.8;0;54
30.07.2022 14:00;25.2;0;52
30.07.2022 15:00;26.1;0;47
30.07.2022 16:00;25.5;0;48
30.07.2022 17:00;26.7;0;44
30.07.2022 18:00;26.7;0;41
30.07.2022 19:00;25.8;0;43
30.07.2022 20:00;24.1;0;48
30.07.2022 21:00;21.3;0;62
30.07.2022 22:00;19.9;0;74
30.07.2022 23:00;18.8;0;76
31.07.2022 00:00;18.2;0;77
31.07.2022 01:00;17.9;0;76
31.07.2022 02:00;17.3;0;80
31.07.2022 03:00;17.3;0;79
31.07.2022 04:00;16.4;0;86
31.07.2022 05:00;17.1;0;80
31.07.2022 06:00;17.6;0;77
31.07.2022 07:00;18.8;0;81
31.07.2022 08:00;21.1;0;75
31.07.2022 09:00;21.5;0;73
31.07.2022 10:00;22.9;0;65
31.07.2022 11:00;24.4;0;57
31.07.2022 12:00;25;0;53
31.07.2022 13:00;26.7;0;49
31.07.2022 14:00;27.8;0;44
31.07.2022 15:00;28.4;0;43
31.07.2022 16:00;28.8;0;40
31.07.2022 17:00;29.2;0;39
31.07.2022 18:00;29.2;0;39
31.07.2022 19:00;28.7;0;41
31.07.2022 20:00;25.9;0;49
31.07.2022 21:00;24.2;0;52
31.07.2022 22:00;23;0;55
31.07.2022 23:00;22.1;0;60
01.08.2022 00:00;20.3;0;68
01.08.2022 01:00;20.2;0;72
01.08.2022 02:00;19.7;0;76
01.08.2022 03:00;19.9;0;74
01.08.2022 04:00;19.1;0;78
01.08.2022 05:00;18.4;0;83
01.08.2022 06:00;18;0;85
01.08.2022 07:00;20.1;0;77
01.08.2022 08:00;22.1;0;75
01.08.2022 09:00;23.1;0;70
01.08.2022 10:00;24;0;62
01.08.2022 11:00;25.1;0;56
01.08.2022 12:00;26.2;0;51
01.08.2022 13:00;27.4;0;55
01.08.2022 14:00;28.5;0;45
01.08.2022 15:00;29.2;0;42
01.08.2022 16:00;30;0;36
01.08.2022 17:00;29.9;0;31
01.08.2022 18:00;29.9;0;33
01.08.2022 19:00;28.1;0;41
01.08.2022 20:00;27;0;42
01.08.2022 21:00;25.2;0;48
01.08.2022 22:00;23.2;10;64
01.08.2022 23:00;20.3;60;89
02.08.2022 00:00;18.7;60;100
02.08.2022 01:00;18.8;60;100
02.08.2022 02:00;18.4;60;100
02.08.2022 03:00;17.4;60;100
02.08.2022 04:00;16.8;60;100
02.08.2022 05:00;16.4;60;100
02.08.2022 06:00;16.2;60;100
02.08.2022 07:00;18.1;60;100
02.08.2022 08:00;20;60;91
02.08.2022 09:00;20.9;20;84
02.08.2022 10:00;22.5;0;74
02.08.2022 11:00;23.6;0;69
02.08.2022 12:00;25;0;64
02.08.2022 13:00;26.1;0;58
02.08.2022 14:00;27.2;0;57
02.08.2022 15:00;28;0;51
02.08.2022 16:00;28.6;0;46
02.08.2022 17:00;29.1;0;44
02.08.2022 18:00;29.4;0;43
02.08.2022 19:00;28.7;0;45
02.08.2022 20:00;25.1;0;57
02.08.2022 21:00;23.1;0;62
02.08.2022 22:00;21.4;0;69
02.08.2022 23:00;20.4;0;74
03.08.2022 00:00;19.6;0;79
03.08.2022 01:00;19.6;0;78
03.08.2022 02:00;19.1;0;82
03.08.2022 03:00;18.6;0;86
03.08.2022 04:00;18.4;0;91
03.08.2022 05:00;18;0;93
03.08.2022 06:00;18.2;0;95
03.08.2022 07:00;20.5;0;86
03.08.2022 08:00;22.5;0;77
03.08.2022 09:00;23.1;0;77
03.08.2022 10:00;24.1;0;73
03.08.2022 11:00;25.2;0;69
03.08.2022 12:00;26.7;0;62
03.08.2022 13:00;27.8;0;55
03.08.2022 14:00;29.6;0;48
03.08.2022 15:00;30.5;0;47
03.08.2022 16:00;31.6;0;38
03.08.2022 17:00;32.1;0;36
03.08.2022 18:00;32.2;0;37
03.08.2022 19:00;31.1;0;43
03.08.2022 20:00;26.8;0;57
03.08.2022 21:00;25;0;61
03.08.2022 22:00;23.9;0;64
03.08.2022 23:00;23.1;0;68
04.08.2022 00:00;21.9;0;73
04.08.2022 01:00;21.4;0;76
04.08.2022 02:00;21.1;0;78
04.08.2022 03:00;20.7;0;79
04.08.2022 04:00;20.6;0;80
04.08.2022 05:00;20.2;0;82
04.08.2022 06:00;19.6;0;89
04.08.2022 07:00;22;0;80
04.08.2022 08:00;24.4;0;75
04.08.2022 09:00;25.2;0;71
04.08.2022 10:00;26.5;0;67
04.08.2022 11:00;28.5;0;54
04.08.2022 12:00;29.7;0;51
04.08.2022 13:00;31.1;0;45
04.08.2022 14:00;32.5;0;40
04.08.2022 15:00;33.3;0;36
04.08.2022 16:00;34.1;0;34
04.08.2022 17:00;33.9;0;35
04.08.2022 18:00;34.5;0;35
04.08.2022 19:00;31.8;0;43
04.08.2022 20:00;28.8;0;52
04.08.2022 21:00;26.6;0;57
04.08.2022 22:00;25.6;0;57
04.08.2022 23:00;25.3;0;59
05.08.2022 00:00;25.1;0;65
05.08.2022 01:00;25;0;63
05.08.2022 02:00;27.2;0;53
05.08.2022 03:00;25.4;40;60
05.08.2022 04:00;23.4;20;72
05.08.2022 05:00;22.6;0;86
05.08.2022 06:00;21.6;0;88
05.08.2022 07:00;21.8;0;87
05.08.2022 08:00;23.8;0;76
05.08.2022 09:00;25.2;0;68
05.08.2022 10:00;26.9;0;61
05.08.2022 11:00;27.9;0;58
05.08.2022 12:00;28.2;0;57
05.08.2022 13:00;29.9;0;45
05.08.2022 14:00;30.4;0;43
05.08.2022 15:00;31.4;0;42
05.08.2022 16:00;31.2;0;43
05.08.2022 17:00;31.3;0;44
05.08.2022 18:00;30.9;0;45
05.08.2022 19:00;28.3;0;57
05.08.2022 20:00;22.1;50;83
05.08.2022 21:00;20.3;60;97
05.08.2022 22:00;20;60;100
05.08.2022 23:00;19.8;60;100
06.08.2022 00:00;19.8;60;100
06.08.2022 01:00;19.2;60;100
06.08.2022 02:00;19;60;100
06.08.2022 03:00;19.2;60;100
06.08.2022 04:00;19.4;60;100
06.08.2022 05:00;19.7;60;100
06.08.2022 06:00;19.9;60;100
06.08.2022 07:00;19.7;60;100
06.08.2022 08:00;19.1;60;100
06.08.2022 09:00;18.5;60;99
06.08.2022 10:00;18.1;60;97
06.08.2022 11:00;18.5;40;92
06.08.2022 12:00;18.7;0;92
06.08.2022 13:00;18.9;0;90
06.08.2022 14:00;18.8;0;90
06.08.2022 15:00;18.5;0;91
06.08.2022 16:00;18.5;0;90
06.08.2022 17:00;19.1;0;88
06.08.2022 18:00;19.7;0;84
06.08.2022 19:00;19.9;0;82
06.08.2022 20:00;19.7;0;83
06.08.2022 21:00;19.8;0;83
06.08.2022 22:00;19.7;0;83
06.08.2022 23:00;19.5;0;83
07.08.2022 00:00;19.4;0;83
07.08.2022 01:00;19.3;0;84
07.08.2022 02:00;19.2;0;85
07.08.2022 03:00;18.6;0;88
07.08.2022 04:00;18.3;0;90
07.08.2022 05:00;17.9;0;91
07.08.2022 06:00;17.8;0;91
07.08.2022 07:00;17.9;0;90
07.08.2022 08:00;18.1;0;88
07.08.2022 09:00;18.2;0;89
07.08.2022 10:00;18.8;0;88
07.08.2022 11:00;19.2;0;87
07.08.2022 12:00;19.5;0;86
07.08.2022 13:00;19.7;0;85
07.08.2022 14:00;20.3;0;81
07.08.2022 15:00;20.9;0;78
07.08.2022 16:00;21.2;0;77
07.08.2022 17:00;21.4;0;75
07.08.2022 18:00;21.9;0;72
07.08.2022 19:00;21.8;0;71
07.08.2022 20:00;20.6;0;76
07.08.2022 21:00;19.5;0;82
07.08.2022 22:00;19.4;0;85
07.08.2022 23:00;18.5;0;89
08.08.2022 00:00;17.7;0;93
08.08.2022 01:00;17.2;0;95
08.08.2022 02:00;16.8;0;97
08.08.2022 03:00;16.4;0;99
08.08.2022 04:00;15.9;10;100
08.08.2022 05:00;15.7;60;100
08.08.2022 06:00;15.7;60;100
08.08.2022 07:00;17.3;50;96
08.08.2022 08:00;18.3;0;89
08.08.2022 09:00;19.6;0;84
08.08.2022 10:00;20.9;0;80
08.08.2022 11:00;21.9;0;74
08.08.2022 12:00;23.7;0;66
08.08.2022 13:00;24.8;0;62
08.08.2022 14:00;25.6;0;57
08.08.2022 15:00;26.3;0;52
08.08.2022 16:00;26.8;0;49
08.08.2022 17:00;27;0;47
08.08.2022 18:00;26.9;0;47
08.08.2022 19:00;25.9;0;50
08.08.2022 20:00;24.8;0;53
08.08.2022 21:00;22.4;0;61
08.08.2022 22:00;19.6;0;73
08.08.2022 23:00;19.6;0;70
09.08.2022 00:00;19.2;0;73
09.08.2022 01:00;18.5;0;75
09.08.2022 02:00;18.1;0;77
09.08.2022 03:00;17.6;0;80
09.08.2022 04:00;16.6;0;88
09.08.2022 05:00;16.4;0;88
09.08.2022 06:00;16.1;0;89
09.08.2022 07:00;17.9;0;82
09.08.2022 08:00;19.8;0;75
09.08.2022 09:00;21.1;0;71
09.08.2022 10:00;22.1;0;66
09.08.2022 11:00;23.1;0;64
09.08.2022 12:00;25.3;0;54
09.08.2022 13:00;26.3;0;50
09.08.2022 14:00;27;0;46
09.08.2022 15:00;27.5;0;44
09.08.2022 16:00;27.7;0;44
09.08.2022 17:00;27.8;0;41
09.08.2022 18:00;27.2;0;41
09.08.2022 19:00;26.4;0;44
09.08.2022 20:00;25.2;0;47
09.08.2022 21:00;22.6;0;53
09.08.2022 22:00;21.2;0;61
09.08.2022 23:00;19.3;0;66
10.08.2022 00:00;18.4;0;68
10.08.2022 01:00;18.4;0;67
10.08.2022 02:00;18.3;0;69
10.08.2022 03:00;17.4;0;75
10.08.2022 04:00;16.5;0;81
10.08.2022 05:00;15.6;0;86
10.08.2022 06:00;15.3;0;89
10.08.2022 07:00;17.5;0;76
10.08.2022 08:00;19.9;0;66
10.08.2022 09:00;20.9;0;61
10.08.2022 10:00;21.9;0;60
10.08.2022 11:00;23.2;0;55
10.08.2022 12:00;24.4;0;51
10.08.2022 13:00;25.8;0;48
10.08.2022 14:00;26.8;0;47
10.08.2022 15:00;27.4;0;45
10.08.2022 16:00;27.7;0;43
10.08.2022 17:00;27.8;0;42
10.08.2022 18:00;27.3;0;43
10.08.2022 19:00;26.6;0;42
10.08.2022 20:00;25.2;0;45
10.08.2022 21:00;22.9;0;53
10.08.2022 22:00;21.6;0;56
10.08.2022 23:00;19.1;0;67
11.08.2022 00:00;18.3;0;70
11.08.2022 01:00;18.6;0;68
11.08.2022 02:00;17.7;0;72
11.08.2022 03:00;16.7;0;75
11.08.2022 04:00;15.8;0;76
11.08.2022 05:00;16.1;0;73
11.08.2022 06:00;16.1;0;71
11.08.2022 07:00;17.4;0;67
11.08.2022 08:00;19.2;0;63
11.08.2022 09:00;20.5;0;62
11.08.2022 10:00;21.5;0;59
11.08.2022 11:00;22.8;0;55
11.08.2022 12:00;23.8;0;54
11.08.2022 13:00;25.4;0;49
11.08.2022 14:00;26.7;0;46
11.08.2022 15:00;27.6;0;44
11.08.2022 16:00;28.1;0;43
11.08.2022 17:00;28.6;0;41
11.08.2022 18:00;28.2;0;42
11.08.2022 19:00;27.3;0;46
11.08.2022 20:00;25.9;0;51
11.08.2022 21:00;22.9;0;60
11.08.2022 22:00;21.2;0;65
11.08.2022 23:00;20.3;0;69
12.08.2022 00:00;19.5;0;73
12.08.2022 01:00;19.3;0;72
12.08.2022 02:00;19.3;0;70
12.08.2022 03:00;18.1;0;76
12.08.2022 04:00;16.6;0;83
12.08.2022 05:00;16.5;0;81
12.08.2022 06:00;15.9;0;81
12.08.2022 07:00;17.8;0;76
12.08.2022 08:00;20.1;0;66
12.08.2022 09:00;21.3;0;59
12.08.2022 10:00;22;0;56
12.08.2022 11:00;23.7;0;48
12.08.2022 12:00;25.3;0;44
12.08.2022 13:00;26.3;0;41
12.08.2022 14:00;26.8;0;38
12.08.2022 15:00;27.1;0;34
12.08.2022 16:00;27.1;0;33
12.08.2022 17:00;27;0;33
12.08.2022 18:00;26.4;0;36
12.08.2022 19:00;25.5;0;40
12.08.2022 20:00;24.2;0;42
12.08.2022 21:00;23;0;45
12.08.2022 22:00;19.4;0;57
12.08.2022 23:00;17.8;0;61
13.08.2022 00:00;17.6;0;61
13.08.2022 01:00;17.7;0;59
13.08.2022 02:00;17.2;0;60
13.08.2022 03:00;16.6;0;64
13.08.2022 04:00;15.6;0;70
13.08.2022 05:00;14.9;0;73
13.08.2022 06:00;15.2;0;71
13.08.2022 07:00;16.2;0;69
13.08.2022 08:00;18.4;0;66
13.08.2022 09:00;19.5;0;62
13.08.2022 10:00;20.8;0;55
13.08.2022 11:00;21.7;0;53
13.08.2022 12:00;23.5;0;50
13.08.2022 13:00;25.1;0;45
13.08.2022 14:00;26.5;0;41
13.08.2022 15:00;27.3;0;39
13.08.2022 16:00;27.9;0;34
13.08.2022 17:00;28.2;0;33
13.08.2022 18:00;28.2;0;33
13.08.2022 19:00;27;0;37
13.08.2022 20:00;25.1;0;42
13.08.2022 21:00;21.3;0;52
13.08.2022 22:00;19;0;57
13.08.2022 23:00;18.6;0;57
14.08.2022 00:00;18.9;0;56
14.08.2022 01:00;17.4;0;63
14.08.2022 02:00;16.1;0;69
14.08.2022 03:00;16.6;0;68
14.08.2022 04:00;15.2;0;76
14.08.2022 05:00;15.4;0;74
14.08.2022 06:00;15.3;0;75
14.08.2022 07:00;15.9;0;78
14.08.2022 08:00;19.2;0;70
14.08.2022 09:00;20.2;0;69
14.08.2022 10:00;21.7;0;57
14.08.2022 11:00;23.3;0;53
14.08.2022 12:00;24.5;0;53
14.08.2022 13:00;26.2;0;45
14.08.2022 14:00;26.8;0;44
14.08.2022 15:00;26.6;0;41
14.08.2022 16:00;25.7;0;45
14.08.2022 17:00;25.3;0;47
14.08.2022 18:00;24.6;0;49
14.08.2022 19:00;24.2;0;51
14.08.2022 20:00;23.3;0;54
14.08.2022 21:00;22.9;0;53
14.08.2022 22:00;22.3;0;56
14.08.2022 23:00;22;0;57
15.08.2022 00:00;22.1;0;58
15.08.2022 01:00;20.6;30;75
15.08.2022 02:00;17.7;60;100
15.08.2022 03:00;17.1;60;100
15.08.2022 04:00;16.7;60;100
15.08.2022 05:00;16.8;60;100
15.08.2022 06:00;16.1;60;100
15.08.2022 07:00;16.8;60;100
15.08.2022 08:00;19.3;60;96
15.08.2022 09:00;20.9;60;83
15.08.2022 10:00;21.8;30;77
15.08.2022 11:00;22.8;0;70
15.08.2022 12:00;24;0;66
15.08.2022 13:00;24.7;0;59
15.08.2022 14:00;26.1;0;50
15.08.2022 15:00;23.3;20;67
15.08.2022 16:00;17.9;60;100
15.08.2022 17:00;17.3;60;100
15.08.2022 18:00;17;60;100
15.08.2022 19:00;17.7;60;98
15.08.2022 20:00;17.9;60;100
15.08.2022 21:00;16.6;60;100
15.08.2022 22:00;16;60;100
15.08.2022 23:00;15.9;60;100
16.08.2022 00:00;15.8;60;100
16.08.2022 01:00;15.5;60;100
16.08.2022 02:00;14.9;60;100
16.08.2022 03:00;14.9;60;100
16.08.2022 04:00;14.7;60;100
16.08.2022 05:00;14.3;60;100
16.08.2022 06:00;14.1;60;100
16.08.2022 07:00;15.4;60;99
16.08.2022 08:00;18.2;60;87
16.08.2022 09:00;19.4;60;81
16.08.2022 10:00;20.7;10;76
16.08.2022 11:00;21.7;0;72
16.08.2022 12:00;23.2;0;66
16.08.2022 13:00;24.7;0;54
16.08.2022 14:00;26.7;0;46
16.08.2022 15:00;27.4;0;44
16.08.2022 16:00;28.1;0;41
16.08.2022 17:00;28.4;0;42
16.08.2022 18:00;27.7;0;43
16.08.2022 19:00;24.4;0;56
16.08.2022 20:00;24;0;54
16.08.2022 21:00;21.4;0;64
16.08.2022 22:00;21.4;0;62
16.08.2022 23:00;20.1;0;69
17.08.2022 00:00;20.2;0;68
17.08.2022 01:00;19.8;0;72
17.08.2022 02:00;19.1;0;77
17.08.2022 03:00;19.2;0;78
17.08.2022 04:00;20.4;0;70
17.08.2022 05:00;20.2;0;72
17.08.2022 06:00;18.9;0;82
17.08.2022 07:00;20.7;0;79
17.08.2022 08:00;21.6;0;77
17.08.2022 09:00;23.4;0;68
17.08.2022 10:00;24.5;0;58
17.08.2022 11:00;26;0;51
17.08.2022 12:00;26.9;0;52
17.08.2022 13:00;27.7;0;48
17.08.2022 14:00;28.1;0;46
17.08.2022 15:00;28.3;0;47
17.08.2022 16:00;28.1;0;49
17.08.2022 17:00;27.2;0;54
17.08.2022 18:00;26.8;0;59
17.08.2022 19:00;25.3;0;66
17.08.2022 20:00;24.6;0;63
17.08.2022 21:00;23.9;0;56
17.08.2022 22:00;17.9;60;96
17.08.2022 23:00;17.4;60;100
18.08.2022 00:00;17.2;60;98
18.08.2022 01:00;16.6;60;100
18.08.2022 02:00;17;60;100
18.08.2022 03:00;16.6;60;100
18.08.2022 04:00;16.1;60;100
18.08.2022 05:00;16.4;60;100
18.08.2022 06:00;16.7;60;100
18.08.2022 07:00;16.9;60;100
18.08.2022 08:00;17.6;60;100
18.08.2022 09:00;18.7;60;95
18.08.2022 10:00;19.6;60;87
18.08.2022 11:00;20.8;0;78
18.08.2022 12:00;21.3;0;73
18.08.2022 13:00;21.4;0;71
18.08.2022 14:00;21.6;0;71
18.08.2022 15:00;21.3;0;74
18.08.2022 16:00;20.5;10;80
18.08.2022 17:00;19.2;60;96
18.08.2022 18:00;17.9;60;100
18.08.2022 19:00;17.6;60;100
18.08.2022 20:00;17.3;60;100
18.08.2022 21:00;16.8;60;100
18.08.2022 22:00;17.3;60;100
18.08.2022 23:00;17.4;60;100
19.08.2022 00:00;17.2;60;100
19.08.2022 01:00;17.4;60;100
19.08.2022 02:00;17;60;100
19.08.2022 03:00;16.9;60;100
19.08.2022 04:00;16.8;60;100
19.08.2022 05:00;16.9;60;100
19.08.2022 06:00;16.4;60;100
19.08.2022 07:00;16.9;60;100
19.08.2022 08:00;17.3;60;100
19.08.2022 09:00;17.5;60;100
19.08.2022 10:00;17.3;60;100
19.08.2022 11:00;16.3;60;100
19.08.2022 12:00;16.5;60;100
19.08.2022 13:00;17;60;100
19.08.2022 14:00;17.3;60;100
19.08.2022 15:00;18.2;60;100
19.08.2022 16:00;18.3;60;100
19.08.2022 17:00;18.9;60;96
19.08.2022 18:00;19.3;50;87
19.08.2022 19:00;19.1;0;87
19.08.2022 20:00;18.8;0;87
19.08.2022 21:00;18.3;0;89
19.08.2022 22:00;18;0;94
19.08.2022 23:00;17.8;0;99
20.08.2022 00:00;18;0;100
20.08.2022 01:00;17;0;100
20.08.2022 02:00;15.8;0;100
20.08.2022 03:00;15.7;40;100
20.08.2022 04:00;15.7;60;100
20.08.2022 05:00;16.3;60;100
20.08.2022 06:00;16.8;60;100
20.08.2022 07:00;17.1;10;100
20.08.2022 08:00;18;0;97
20.08.2022 09:00;18.3;0;94
20.08.2022 10:00;19;0;91
20.08.2022 11:00;19.8;0;85
20.08.2022 12:00;20.2;0;83
20.08.2022 13:00;20.9;0;82
20.08.2022 14:00;20.3;40;90
20.08.2022 15:00;21;0;86
20.08.2022 16:00;22.2;0;78
20.08.2022 17:00;21.5;20;82
20.08.2022 18:00;19.3;60;99
20.08.2022 19:00;18.8;60;100
20.08.2022 20:00;18.4;60;100
20.08.2022 21:00;18.3;60;100
20.08.2022 22:00;17.8;60;100
20.08.2022 23:00;17;60;100
21.08.2022 00:00;16.6;60;100
21.08.2022 01:00;16.2;60;100
21.08.2022 02:00;16;60;100
21.08.2022 03:00;15.2;60;100
21.08.2022 04:00;14.9;60;100
21.08.2022 05:00;14.9;60;100
21.08.2022 06:00;15.4;60;100
21.08.2022 07:00;15.9;60;100
21.08.2022 08:00;17.2;60;100
21.08.2022 09:00;18.7;60;98
21.08.2022 10:00;19.7;50;89
21.08.2022 11:00;20.9;0;79
21.08.2022 12:00;21.8;0;79
21.08.2022 13:00;23.4;0;73
21.08.2022 14:00;24.5;0;63
21.08.2022 15:00;25.3;0;58
21.08.2022 16:00;25.4;0;53
21.08.2022 17:00;25.5;0;52
21.08.2022 18:00;25.5;0;50
21.08.2022 19:00;21.9;0;70
21.08.2022 20:00;19.8;0;79
21.08.2022 21:00;19;0;80
21.08.2022 22:00;17.6;0;89
21.08.2022 23:00;17;0;91
22.08.2022 00:00;16.4;0;93
22.08.2022 01:00;16;0;97
22.08.2022 02:00;16;0;94
22.08.2022 03:00;15.7;0;100
22.08.2022 04:00;15.7;0;100
22.08.2022 05:00;15.1;0;100
22.08.2022 06:00;14.7;0;100
22.08.2022 07:00;15.9;0;96
22.08.2022 08:00;18.3;0;85
22.08.2022 09:00;19.5;0;80
22.08.2022 10:00;20.6;0;75
22.08.2022 11:00;21.6;0;71
22.08.2022 12:00;22.9;0;67
22.08.2022 13:00;24.9;0;54
22.08.2022 14:00;25.7;0;45
22.08.2022 15:00;25.9;0;44
22.08.2022 16:00;26;0;42
22.08.2022 17:00;26;0;40
22.08.2022 18:00;25.9;0;44
22.08.2022 19:00;24.8;0;50
22.08.2022 20:00;21.9;0;60
22.08.2022 21:00;19.7;0;66
22.08.2022 22:00;17.7;0;75
22.08.2022 23:00;18;0;71
23.08.2022 00:00;17.1;0;75
23.08.2022 01:00;16.4;0;81
23.08.2022 02:00;15.5;0;87
23.08.2022 03:00;15;0;91
23.08.2022 04:00;14.6;0;93
23.08.2022 05:00;14.7;0;90
23.08.2022 06:00;14.6;0;90
23.08.2022 07:00;15.7;0;87
23.08.2022 08:00;18.4;0;75
23.08.2022 09:00;19.5;0;76
23.08.2022 10:00;20.9;0;69
23.08.2022 11:00;21.9;0;67
23.08.2022 12:00;23.6;0;56
23.08.2022 13:00;24.8;0;49
23.08.2022 14:00;26;0;41
23.08.2022 15:00;26.9;0;33
23.08.2022 16:00;26.9;0;35
23.08.2022 17:00;26.4;0;36
23.08.2022 18:00;26.1;0;39
23.08.2022 19:00;25.1;0;44
23.08.2022 20:00;22.2;0;54
23.08.2022 21:00;19.4;0;60
23.08.2022 22:00;19;0;59
23.08.2022 23:00;18.7;0;59
24.08.2022 00:00;16.7;0;71
24.08.2022 01:00;16.6;0;71
24.08.2022 02:00;16.2;0;72
24.08.2022 03:00;15.8;0;75
24.08.2022 04:00;15.3;0;79
24.08.2022 05:00;14.9;0;80
24.08.2022 06:00;14.1;0;86
24.08.2022 07:00;15.5;0;80
24.08.2022 08:00;18.1;0;73
24.08.2022 09:00;19.4;0;69
24.08.2022 10:00;20.4;0;65
24.08.2022 11:00;21.9;0;57
24.08.2022 12:00;22.6;0;59
24.08.2022 13:00;24.3;0;53
24.08.2022 14:00;26.4;0;44
24.08.2022 15:00;26.8;0;42
24.08.2022 16:00;27.2;0;39
24.08.2022 17:00;27;0;42
24.08.2022 18:00;26.5;0;46
24.08.2022 19:00;24.6;0;58
24.08.2022 20:00;21.3;0;71
24.08.2022 21:00;19.8;0;72
24.08.2022 22:00;19.4;0;69
24.08.2022 23:00;19;0;70
25.08.2022 00:00;18;0;74
25.08.2022 01:00;16.5;0;82
25.08.2022 02:00;16.6;0;81
25.08.2022 03:00;15.7;0;88
25.08.2022 04:00;15.4;0;93
25.08.2022 05:00;14.9;0;97
25.08.2022 06:00;14.7;40;99
25.08.2022 07:00;16.2;60;96
25.08.2022 08:00;18.8;10;84
25.08.2022 09:00;19.9;0;79
25.08.2022 10:00;20.8;0;74
25.08.2022 11:00;22;0;70
25.08.2022 12:00;23.6;0;67
25.08.2022 13:00;25.1;0;63
25.08.2022 14:00;26.3;0;56
25.08.2022 15:00;27.7;0;48
25.08.2022 16:00;28.2;0;48
25.08.2022 17:00;28.5;0;48
25.08.2022 18:00;28.1;0;48
25.08.2022 19:00;25.4;0;61
25.08.2022 20:00;23;0;68
25.08.2022 21:00;21.1;0;74
25.08.2022 22:00;19.5;0;81
25.08.2022 23:00;19.5;0;78
26.08.2022 00:00;19;0;81
26.08.2022 01:00;18.9;0;83
26.08.2022 02:00;19;0;82
26.08.2022 03:00;18.7;0;90
26.08.2022 04:00;18.1;0;93
26.08.2022 05:00;17.9;0;93
26.08.2022 06:00;17.9;0;91
26.08.2022 07:00;17.9;0;97
26.08.2022 08:00;20.4;0;87
26.08.2022 09:00;22;0;80
26.08.2022 10:00;23;0;76
26.08.2022 11:00;24.1;0;69
26.08.2022 12:00;25.8;0;60
26.08.2022 13:00;26.5;0;56
26.08.2022 14:00;27.5;0;54
26.08.2022 15:00;28.4;0;51
26.08.2022 16:00;28.4;0;47
26.08.2022 17:00;27.1;0;50
26.08.2022 18:00;24.1;0;66
26.08.2022 19:00;21.8;0;74
26.08.2022 20:00;19.7;60;91
26.08.2022 21:00;18.4;60;100
26.08.2022 22:00;17.5;60;100
26.08.2022 23:00;17.6;60;100
27.08.2022 00:00;17.6;60;100
27.08.2022 01:00;17.4;60;100
27.08.2022 02:00;17.1;60;100
27.08.2022 03:00;17;60;100
27.08.2022 04:00;16.9;60;100
27.08.2022 05:00;17.2;60;100
27.08.2022 06:00;17;60;100
27.08.2022 07:00;17.1;60;100
27.08.2022 08:00;17.6;60;100
27.08.2022 09:00;18;60;100
27.08.2022 10:00;19.7;60;94
27.08.2022 11:00;20.3;20;89
27.08.2022 12:00;21.6;0;80
27.08.2022 13:00;22.3;0;77
27.08.2022 14:00;23.3;0;76
27.08.2022 15:00;23.7;0;73
27.08.2022 16:00;24.4;0;67
27.08.2022 17:00;24.2;0;67
27.08.2022 18:00;22.9;0;76
27.08.2022 19:00;21.7;0;81
27.08.2022 20:00;19.6;0;93
27.08.2022 21:00;18.9;0;93
27.08.2022 22:00;17.8;0;100
27.08.2022 23:00;17.4;60;100
28.08.2022 00:00;17;60;100
28.08.2022 01:00;17.6;60;99
28.08.2022 02:00;17.9;30;98
28.08.2022 03:00;17.3;0;100
28.08.2022 04:00;17.6;0;99
28.08.2022 05:00;16.2;0;100
28.08.2022 06:00;15.6;50;100
28.08.2022 07:00;16.5;50;99
28.08.2022 08:00;18.1;0;94
28.08.2022 09:00;19;0;91
28.08.2022 10:00;19.9;0;85
28.08.2022 11:00;20.6;0;82
28.08.2022 12:00;21.6;0;79
28.08.2022 13:00;23.2;0;71
28.08.2022 14:00;24;0;67
28.08.2022 15:00;24.6;0;64
28.08.2022 16:00;25.4;0;60
28.08.2022 17:00;25.6;0;58
28.08.2022 18:00;25.6;0;59
28.08.2022 19:00;24.3;0;64
28.08.2022 20:00;23;0;72
28.08.2022 21:00;20.1;0;86
28.08.2022 22:00;19.1;0;91
28.08.2022 23:00;18.2;0;94
29.08.2022 00:00;18;0;95
29.08.2022 01:00;18.5;0;89
29.08.2022 02:00;17.4;0;95
29.08.2022 03:00;17.1;0;96
29.08.2022 04:00;16.3;0;100
29.08.2022 05:00;16;40;100
29.08.2022 06:00;15.9;60;100
29.08.2022 07:00;17.1;60;100
29.08.2022 08:00;18.3;0;95
29.08.2022 09:00;19.7;0;88
29.08.2022 10:00;20.7;0;84
29.08.2022 11:00;21.7;0;79
29.08.2022 12:00;22.9;0;77
29.08.2022 13:00;24.4;0;71
29.08.2022 14:00;25.3;0;67
29.08.2022 15:00;26;0;60
29.08.2022 16:00;26.7;0;58
29.08.2022 17:00;27.3;0;55
29.08.2022 18:00;27;0;56
29.08.2022 19:00;24.2;0;70
29.08.2022 20:00;21.5;0;81
29.08.2022 21:00;20.4;0;84
29.08.2022 22:00;19.8;0;83
29.08.2022 23:00;19.3;0;84
30.08.2022 00:00;18.8;0;87
30.08.2022 01:00;18.2;0;90
30.08.2022 02:00;17.4;0;95
30.08.2022 03:00;17.4;0;95
30.08.2022 04:00;17.4;0;94
30.08.2022 05:00;16.8;0;99
30.08.2022 06:00;16.3;0;100
30.08.2022 07:00;17.4;50;100
30.08.2022 08:00;19.4;0;93
30.08.2022 09:00;20.8;0;86
30.08.2022 10:00;21.8;0;80
30.08.2022 11:00;22.4;0;78
30.08.2022 12:00;23.7;0;74
30.08.2022 13:00;24.9;0;69
30.08.2022 14:00;25.9;0;66
30.08.2022 15:00;26.9;0;61
30.08.2022 16:00;27.5;0;60
30.08.2022 17:00;27.2;0;57
30.08.2022 18:00;25.8;0;60
30.08.2022 19:00;23.4;0;69
30.08.2022 20:00;19;60;85
30.08.2022 21:00;17.2;60;90
30.08.2022 22:00;17.9;60;89
30.08.2022 23:00;16.9;60;100
31.08.2022 00:00;16.5;60;100
31.08.2022 01:00;17.2;60;100
31.08.2022 02:00;17.1;60;100
31.08.2022 03:00;16.8;60;100
31.08.2022 04:00;17.1;60;100
31.08.2022 05:00;16.8;60;100
31.08.2022 06:00;17.3;60;100
31.08.2022 07:00;16.8;60;100
31.08.2022 08:00;16.5;60;100
31.08.2022 09:00;16.6;60;100
31.08.2022 10:00;16.4;60;100
31.08.2022 11:00;16.4;60;100
31.08.2022 12:00;16.8;60;100
31.08.2022 13:00;17.7;60;100
31.08.2022 14:00;18.4;60;97
31.08.2022 15:00;18.1;60;98
31.08.2022 16:00;18.9;20;91
31.08.2022 17:00;19.7;0;82
31.08.2022 18:00;19.7;0;83
31.08.2022 19:00;19.5;0;81
31.08.2022 20:00;19.3;0;81
31.08.2022 21:00;18.6;0;88
31.08.2022 22:00;17.1;0;99
31.08.2022 23:00;15.8;0;100
01.09.2022 00:00;15.4;0;100
01.09.2022 01:00;15.1;40;100
01.09.2022 02:00;14.4;60;100
01.09.2022 03:00;14.4;60;100
01.09.2022 04:00;15.2;60;100
01.09.2022 05:00;15.7;60;100
01.09.2022 06:00;16;40;97
01.09.2022 07:00;16.1;0;92
01.09.2022 08:00;16.3;0;92
01.09.2022 09:00;16.7;0;89
01.09.2022 10:00;17.4;0;81
01.09.2022 11:00;18;0;76
01.09.2022 12:00;18.6;0;73
01.09.2022 13:00;19.3;0;70
01.09.2022 14:00;20.5;0;67
01.09.2022 15:00;21;0;65
01.09.2022 16:00;21.7;0;62
01.09.2022 17:00;22.2;0;59
01.09.2022 18:00;21.9;0;62
01.09.2022 19:00;21;0;65
01.09.2022 20:00;20;0;70
01.09.2022 21:00;17.6;0;83
01.09.2022 22:00;15.6;0;95
01.09.2022 23:00;15;0;97
02.09.2022 00:00;15.3;0;92
02.09.2022 01:00;15.1;0;93
02.09.2022 02:00;14.7;0;92
02.09.2022 03:00;14.2;0;95
02.09.2022 04:00;13.6;0;99
02.09.2022 05:00;13;0;100
02.09.2022 06:00;12.8;10;100
02.09.2022 07:00;12.7;60;100
02.09.2022 08:00;14.6;30;96
02.09.2022 09:00;16;0;89
02.09.2022 10:00;17.3;0;84
02.09.2022 11:00;18.2;0;80
02.09.2022 12:00;19.5;0;76
02.09.2022 13:00;20.7;0;71
02.09.2022 14:00;21.8;0;71
02.09.2022 15:00;22.7;0;66
02.09.2022 16:00;23.6;0;62
02.09.2022 17:00;22.9;0;69
02.09.2022 18:00;21.5;0;75
02.09.2022 19:00;20.8;0;69
02.09.2022 20:00;19.6;0;75
02.09.2022 21:00;18.2;0;83
02.09.2022 22:00;17.5;0;87
02.09.2022 23:00;15.6;0;99
03.09.2022 00:00;15.2;0;100
03.09.2022 01:00;15.8;0;100
03.09.2022 02:00;16.9;0;92
03.09.2022 03:00;16.8;40;93
03.09.2022 04:00;16;60;100
03.09.2022 05:00;16.3;60;100
03.09.2022 06:00;16.6;60;96
03.09.2022 07:00;16;60;100
03.09.2022 08:00;16.9;60;99
03.09.2022 09:00;18.2;60;88
03.09.2022 10:00;19.7;40;78
03.09.2022 11:00;20.7;0;72
03.09.2022 12:00;18.2;60;92
03.09.2022 13:00;19;60;87
03.09.2022 14:00;20.2;50;83
03.09.2022 15:00;20.7;0;82
03.09.2022 16:00;21.5;0;75
03.09.2022 17:00;21.9;0;70
03.09.2022 18:00;21.6;0;71
03.09.2022 19:00;19.9;0;84
03.09.2022 20:00;19.1;40;90
03.09.2022 21:00;17;60;98
03.09.2022 22:00;15.6;60;99
03.09.2022 23:00;15;60;100
04.09.2022 00:00;14.8;60;100
04.09.2022 01:00;14.8;60;100
04.09.2022 02:00;14.8;60;100
04.09.2022 03:00;14.2;60;100
04.09.2022 04:00;14.4;60;100
04.09.2022 05:00;14.6;60;100
04.09.2022 06:00;14.7;60;100
04.09.2022 07:00;14.9;60;100
04.09.2022 08:00;16.8;60;98
04.09.2022 09:00;16.4;60;100
04.09.2022 10:00;18.2;60;97
04.09.2022 11:00;19.5;50;88
04.09.2022 12:00;21.4;0;76
04.09.2022 13:00;22.5;0;72
04.09.2022 14:00;24;0;64
04.09.2022 15:00;25;0;56
04.09.2022 16:00;25.3;0;53
04.09.2022 17:00;25.6;0;52
04.09.2022 18:00;25.7;0;57
04.09.2022 19:00;21.6;0;75
04.09.2022 20:00;19.5;0;80
04.09.2022 21:00;18;0;85
04.09.2022 22:00;17.2;0;89
04.09.2022 23:00;17.5;0;86
05.09.2022 00:00;16.6;0;93
05.09.2022 01:00;16.3;0;95
05.09.2022 02:00;16.6;0;93
05.09.2022 03:00;16.4;0;93
05.09.2022 04:00;15.8;0;97
05.09.2022 05:00;15.4;0;100
05.09.2022 06:00;15.6;0;100
05.09.2022 07:00;16.3;0;99
05.09.2022 08:00;17.7;0;96
05.09.2022 09:00;19.3;0;91
05.09.2022 10:00;20;0;87
05.09.2022 11:00;20.4;0;83
05.09.2022 12:00;20.6;0;83
05.09.2022 13:00;22;0;73
05.09.2022 14:00;23.9;0;68
05.09.2022 15:00;25.4;0;63
05.09.2022 16:00;26.2;0;58
05.09.2022 17:00;27.6;0;53
05.09.2022 18:00;26.5;0;63
05.09.2022 19:00;22.2;0;82
05.09.2022 20:00;20.3;0;86
05.09.2022 21:00;19;0;90
05.09.2022 22:00;18.4;0;88
05.09.2022 23:00;18.5;0;87
06.09.2022 00:00;18.6;0;87
06.09.2022 01:00;18.6;0;87
06.09.2022 02:00;18.9;0;90
06.09.2022 03:00;18.2;0;93
06.09.2022 04:00;17.9;0;94
06.09.2022 05:00;17.5;0;96
06.09.2022 06:00;16.9;60;100
06.09.2022 07:00;17.3;60;100
06.09.2022 08:00;19.2;60;90
06.09.2022 09:00;20;30;86
06.09.2022 10:00;20.2;0;86
06.09.2022 11:00;21.2;0;86
06.09.2022 12:00;23;0;74
06.09.2022 13:00;23.6;0;67
06.09.2022 14:00;22.9;0;72
06.09.2022 15:00;21.8;20;85
06.09.2022 16:00;22.5;0;81
06.09.2022 17:00;23.4;0;79
06.09.2022 18:00;21.8;0;85
06.09.2022 19:00;20.8;0;86
06.09.2022 20:00;18.8;0;98
06.09.2022 21:00;18.6;0;99
06.09.2022 22:00;19;0;99
06.09.2022 23:00;18.8;60;100
07.09.2022 00:00;18.8;60;97
07.09.2022 01:00;18.8;60;97
07.09.2022 02:00;18;60;100
07.09.2022 03:00;17.2;60;100
07.09.2022 04:00;17.2;60;100
07.09.2022 05:00;17.3;60;100
07.09.2022 06:00;17.9;60;100
07.09.2022 07:00;17.5;60;100
07.09.2022 08:00;18;60;100
07.09.2022 09:00;18.9;60;100
07.09.2022 10:00;19.8;60;97
07.09.2022 11:00;21.2;40;86
07.09.2022 12:00;22.9;0;75
07.09.2022 13:00;24.1;0;70
07.09.2022 14:00;24.4;0;67
07.09.2022 15:00;25;0;68
07.09.2022 16:00;26;0;62
07.09.2022 17:00;25.9;0;56
07.09.2022 18:00;24.6;0;64
07.09.2022 19:00;23.1;20;68
07.09.2022 20:00;17.2;60;92
07.09.2022 21:00;16.7;60;99
07.09.2022 22:00;16.7;60;100
07.09.2022 23:00;16.4;60;100
08.09.2022 00:00;16.3;60;100
08.09.2022 01:00;15.9;60;100
08.09.2022 02:00;16.1;60;100
08.09.2022 03:00;16.1;60;100
08.09.2022 04:00;15.8;60;100
08.09.2022 05:00;15.5;60;100
08.09.2022 06:00;15.5;60;100
08.09.2022 07:00;14.8;60;100
08.09.2022 08:00;15.2;60;100
08.09.2022 09:00;17.7;60;97
08.09.2022 10:00;18.8;60;81
08.09.2022 11:00;20.2;0;73
08.09.2022 12:00;20.8;0;68
08.09.2022 13:00;21.7;0;66
08.09.2022 14:00;22.7;0;60
08.09.2022 15:00;23;0;51
08.09.2022 16:00;23.2;0;49
08.09.2022 17:00;22.3;0;50
08.09.2022 18:00;21.6;0;57
08.09.2022 19:00;19.7;0;71
08.09.2022 20:00;18.1;0;82
08.09.2022 21:00;17.5;0;82
08.09.2022 22:00;16.4;0;86
08.09.2022 23:00;15.3;0;91
09.09.2022 00:00;14.7;0;91
09.09.2022 01:00;14.4;0;97
09.09.2022 02:00;14.3;0;99
09.09.2022 03:00;13.9;0;97
09.09.2022 04:00;14.9;0;93
09.09.2022 05:00;16.5;0;86
09.09.2022 06:00;16.3;10;83
09.09.2022 07:00;14.7;60;99
09.09.2022 08:00;14.8;60;100
09.09.2022 09:00;16.2;60;100
09.09.2022 10:00;17.5;60;93
09.09.2022 11:00;19.3;10;80
09.09.2022 12:00;17.3;30;88
09.09.2022 13:00;18.4;60;81
09.09.2022 14:00;20.5;20;71
09.09.2022 15:00;19.9;0;73
09.09.2022 16:00;20;0;70
09.09.2022 17:00;21.1;0;60
09.09.2022 18:00;21.2;0;49
09.09.2022 19:00;19.4;0;52
09.09.2022 20:00;17.9;0;60
09.09.2022 21:00;16.2;0;74
09.09.2022 22:00;15;0;80
09.09.2022 23:00;15.6;0;76
10.09.2022 00:00;16.5;0;69
10.09.2022 01:00;16.1;0;68
10.09.2022 02:00;16.1;0;68
10.09.2022 03:00;15.7;0;72
10.09.2022 04:00;15.4;0;75
10.09.2022 05:00;14.5;0;87
10.09.2022 06:00;14.2;0;93
10.09.2022 07:00;14.6;0;95
10.09.2022 08:00;15.2;0;89
10.09.2022 09:00;16.4;0;79
10.09.2022 10:00;16.2;20;80
10.09.2022 11:00;16.3;40;85
10.09.2022 12:00;18.5;0;70
10.09.2022 13:00;18.4;0;69
10.09.2022 14:00;19.5;0;63
10.09.2022 15:00;20.2;0;59
10.09.2022 16:00;20.2;0;58
10.09.2022 17:00;19.3;0;61
10.09.2022 18:00;18.7;0;62
10.09.2022 19:00;17.1;0;68
10.09.2022 20:00;16.4;0;69
10.09.2022 21:00;15.4;0;79
10.09.2022 22:00;15.3;0;81
10.09.2022 23:00;15.3;0;83
11.09.2022 00:00;14.6;40;91
11.09.2022 01:00;13.8;60;99
11.09.2022 02:00;13.7;60;100
11.09.2022 03:00;13.8;60;100
11.09.2022 04:00;13.8;60;100
11.09.2022 05:00;13.9;60;100
11.09.2022 06:00;13.9;60;100
11.09.2022 07:00;13.7;60;100
11.09.2022 08:00;14.3;60;100
11.09.2022 09:00;15.7;60;98
11.09.2022 10:00;17.5;60;84
11.09.2022 11:00;18.3;0;78
11.09.2022 12:00;19.1;0;70
11.09.2022 13:00;19.9;0;65
11.09.2022 14:00;20.6;0;60
11.09.2022 15:00;21;0;56
11.09.2022 16:00;21.7;0;51
11.09.2022 17:00;22.4;0;50
11.09.2022 18:00;21.8;0;56
11.09.2022 19:00;17.1;0;76
11.09.2022 20:00;15.9;0;78
11.09.2022 21:00;14.9;0;83
11.09.2022 22:00;14.7;0;82
11.09.2022 23:00;14;0;85
12.09.2022 00:00;13.1;0;92
12.09.2022 01:00;13.3;0;88
12.09.2022 02:00;12.7;0;93
12.09.2022 03:00;12.1;0;96
12.09.2022 04:00;11.7;0;99
12.09.2022 05:00;11.1;0;100
12.09.2022 06:00;11.2;50;100
12.09.2022 07:00;11.7;60;100
12.09.2022 08:00;14.1;60;93
12.09.2022 09:00;16.3;0;83
12.09.2022 10:00;16.7;0;81
12.09.2022 11:00;17.8;0;77
12.09.2022 12:00;18.8;0;70
12.09.2022 13:00;20.3;0;65
12.09.2022 14:00;21.6;0;65
12.09.2022 15:00;22.5;0;59
12.09.2022 16:00;23.1;0;54
12.09.2022 17:00;24.6;0;51
12.09.2022 18:00;22.8;0;63
12.09.2022 19:00;19.2;0;80
12.09.2022 20:00;17.6;0;83
12.09.2022 21:00;16.1;0;89
12.09.2022 22:00;15.5;0;90
12.09.2022 23:00;15;0;92
13.09.2022 00:00;14.6;0;92
13.09.2022 01:00;14.2;0;93
13.09.2022 02:00;13.9;0;94
13.09.2022 03:00;13.8;0;96
13.09.2022 04:00;13.4;0;96
13.09.2022 05:00;13.2;0;95
13.09.2022 06:00;13.2;0;95
13.09.2022 07:00;13.5;0;96
13.09.2022 08:00;16.7;0;80
13.09.2022 09:00;18.8;0;70
13.09.2022 10:00;20.4;0;64
13.09.2022 11:00;21.3;0;61
13.09.2022 12:00;22.7;0;60
13.09.2022 13:00;23.4;0;58
13.09.2022 14:00;25.1;0;58
13.09.2022 15:00;24.3;0;62
13.09.2022 16:00;24.9;0;53
13.09.2022 17:00;24.3;0;67
13.09.2022 18:00;22.6;0;76
13.09.2022 19:00;20.9;0;81
13.09.2022 20:00;20;0;86
13.09.2022 21:00;19.8;0;87
13.09.2022 22:00;20.3;0;83
13.09.2022 23:00;19.6;0;95
14.09.2022 00:00;18.7;0;99
14.09.2022 01:00;18.7;0;99
14.09.2022 02:00;18.8;0;96
14.09.2022 03:00;18.8;0;96
14.09.2022 04:00;19.8;0;87
14.09.2022 05:00;18.9;50;97
14.09.2022 06:00;18.8;60;95
14.09.2022 07:00;18.4;10;99
14.09.2022 08:00;19.3;0;94
14.09.2022 09:00;20;0;91
14.09.2022 10:00;21.3;0;84
14.09.2022 11:00;22.1;0;79
14.09.2022 12:00;22.8;0;77
14.09.2022 13:00;22.9;0;76
14.09.2022 14:00;23;0;75
14.09.2022 15:00;23.1;20;77
14.09.2022 16:00;23.8;0;72
14.09.2022 17:00;23.5;0;71
14.09.2022 18:00;21.4;40;88
14.09.2022 19:00;20.2;30;95
14.09.2022 20:00;19;60;100
14.09.2022 21:00;18.5;60;100
14.09.2022 22:00;18.8;60;100
14.09.2022 23:00;18.3;60;95
15.09.2022 00:00;17.3;60;96
15.09.2022 01:00;17.2;60;100
15.09.2022 02:00;17.3;60;98
15.09.2022 03:00;16.1;60;100
15.09.2022 04:00;16.1;60;100
15.09.2022 05:00;15.8;60;100
15.09.2022 06:00;15.2;60;100
15.09.2022 07:00;15.2;60;100
15.09.2022 08:00;15.8;60;100
15.09.2022 09:00;16.6;60;99
15.09.2022 10:00;16.9;60;100
15.09.2022 11:00;18;60;94
15.09.2022 12:00;17.6;60;96
15.09.2022 13:00;17.6;60;99
15.09.2022 14:00;18.6;60;94
15.09.2022 15:00;19.4;60;90
15.09.2022 16:00;19.9;60;81
15.09.2022 17:00;19.3;10;84
15.09.2022 18:00;18.4;20;92
15.09.2022 19:00;16.9;60;100
15.09.2022 20:00;16.4;60;100
15.09.2022 21:00;16.3;60;100
15.09.2022 22:00;16;60;100
15.09.2022 23:00;16.2;60;100
16.09.2022 00:00;15.9;60;100
16.09.2022 01:00;14.8;60;100
16.09.2022 02:00;13.5;60;100
16.09.2022 03:00;13.4;60;100
16.09.2022 04:00;13.5;60;100
16.09.2022 05:00;13.5;60;100
16.09.2022 06:00;13.5;60;100
16.09.2022 07:00;13.4;60;100
16.09.2022 08:00;14.6;60;100
16.09.2022 09:00;16.1;60;100
16.09.2022 10:00;16.8;60;91
16.09.2022 11:00;17.3;20;86
16.09.2022 12:00;18.2;0;79
16.09.2022 13:00;15.8;40;92
16.09.2022 14:00;15.8;60;93
16.09.2022 15:00;15.8;60;88
16.09.2022 16:00;15.4;60;89
16.09.2022 17:00;15.7;40;83
16.09.2022 18:00;15.2;0;80
16.09.2022 19:00;14;40;90
16.09.2022 20:00;12.6;60;99
16.09.2022 21:00;11.8;60;97
16.09.2022 22:00;12.1;60;92
16.09.2022 23:00;11.8;60;96
17.09.2022 00:00;11.2;60;95
17.09.2022 01:00;10.4;60;99
17.09.2022 02:00;10.3;60;97
17.09.2022 03:00;10;60;98
17.09.2022 04:00;10;60;98
17.09.2022 05:00;9.7;60;97
17.09.2022 06:00;9.1;60;93
17.09.2022 07:00;9.1;60;92
17.09.2022 08:00;9.5;60;87
17.09.2022 09:00;9.8;60;84
17.09.2022 10:00;9.6;60;93
17.09.2022 11:00;11.3;60;79
17.09.2022 12:00;11.8;40;74
17.09.2022 13:00;12.1;40;72
17.09.2022 14:00;12.5;20;71
17.09.2022 15:00;12.7;0;68
17.09.2022 16:00;12.7;0;67
17.09.2022 17:00;12.1;30;73
17.09.2022 18:00;12.5;0;76
17.09.2022 19:00;11.3;0;85
17.09.2022 20:00;11.2;0;74
17.09.2022 21:00;11.2;0;70
17.09.2022 22:00;11;0;74
17.09.2022 23:00;9.9;40;87
18.09.2022 00:00;9.7;60;89
18.09.2022 01:00;9.9;60;85
18.09.2022 02:00;10.1;60;81
18.09.2022 03:00;10.1;60;77
18.09.2022 04:00;9.8;60;77
18.09.2022 05:00;9.5;20;78
18.09.2022 06:00;9.6;0;79
18.09.2022 07:00;9.2;0;84
18.09.2022 08:00;10;0;80
18.09.2022 09:00;12.6;0;66
18.09.2022 10:00;13.2;0;62
18.09.2022 11:00;13.9;0;60
18.09.2022 12:00;14.7;0;56
18.09.2022 13:00;15.6;0;52
18.09.2022 14:00;16;0;50
18.09.2022 15:00;16.2;0;52
18.09.2022 16:00;16.1;0;53
18.09.2022 17:00;15.5;0;55
18.09.2022 18:00;14.3;0;66
18.09.2022 19:00;13.8;0;69
18.09.2022 20:00;13.1;0;71
18.09.2022 21:00;13.2;0;64
18.09.2022 22:00;13;0;63
18.09.2022 23:00;12.8;0;64
19.09.2022 00:00;12.4;0;67
19.09.2022 01:00;12.8;0;62
19.09.2022 02:00;12.8;0;62
19.09.2022 03:00;12.9;0;60
19.09.2022 04:00;12.3;0;65
19.09.2022 05:00;11.7;0;70
19.09.2022 06:00;11.4;0;71
19.09.2022 07:00;11.1;0;71
19.09.2022 08:00;11.2;0;73
19.09.2022 09:00;11.2;0;79
19.09.2022 10:00;11.4;0;79
19.09.2022 11:00;12.6;0;75
19.09.2022 12:00;13.5;0;69
19.09.2022 13:00;14.6;0;62
19.09.2022 14:00;15.3;0;56
19.09.2022 15:00;15.8;0;53
19.09.2022 16:00;16;0;51
19.09.2022 17:00;16.4;0;47
19.09.2022 18:00;15.8;0;48
19.09.2022 19:00;12.8;0;59
19.09.2022 20:00;10.2;0;75
19.09.2022 21:00;9.6;0;79
19.09.2022 22:00;9.2;0;82
19.09.2022 23:00;8.9;0;86
20.09.2022 00:00;8.4;0;90
20.09.2022 01:00;9.7;0;86
20.09.2022 02:00;8.8;0;90
20.09.2022 03:00;7.6;0;95
20.09.2022 04:00;7.6;0;93
20.09.2022 05:00;7.5;0;94
20.09.2022 06:00;7.2;0;95
20.09.2022 07:00;6.8;0;99
20.09.2022 08:00;9.1;0;89
20.09.2022 09:00;11.8;0;80
20.09.2022 10:00;12.4;0;80
20.09.2022 11:00;13.5;0;69
20.09.2022 12:00;14.8;0;60
20.09.2022 13:00;15.5;0;55
20.09.2022 14:00;15.9;0;50
20.09.2022 15:00;15.9;0;49
20.09.2022 16:00;16.4;0;46
20.09.2022 17:00;16.2;0;48
20.09.2022 18:00;15.2;0;53
20.09.2022 19:00;14.2;0;62
20.09.2022 20:00;13.4;0;65
20.09.2022 21:00;10.9;0;80
20.09.2022 22:00;10;0;81
20.09.2022 23:00;9.3;0;83
21.09.2022 00:00;8.9;0;86
21.09.2022 01:00;8.7;0;90
21.09.2022 02:00;7.9;0;96
21.09.2022 03:00;7.7;0;95
21.09.2022 04:00;7.4;0;97
21.09.2022 05:00;7;0;97
21.09.2022 06:00;6.7;0;97
21.09.2022 07:00;6.9;30;95
21.09.2022 08:00;9.2;40;87
21.09.2022 09:00;11.3;0;76
21.09.2022 10:00;12.2;0;71
21.09.2022 11:00;13.3;0;67
21.09.2022 12:00;14.5;0;63
21.09.2022 13:00;15.5;0;54
21.09.2022 14:00;16.4;0;50
21.09.2022 15:00;16.9;0;49
21.09.2022 16:00;17.2;0;46
21.09.2022 17:00;16.4;0;49
21.09.2022 18:00;16.1;0;53
21.09.2022 19:00;15.3;0;58
21.09.2022 20:00;14.2;0;61
21.09.2022 21:00;13.4;0;65
21.09.2022 22:00;12.7;0;67
21.09.2022 23:00;9.4;0;86
22.09.2022 00:00;9;0;87
22.09.2022 01:00;9.2;0;84
22.09.2022 02:00;8.5;0;88
22.09.2022 03:00;7.7;0;92
22.09.2022 04:00;7.1;0;96
22.09.2022 05:00;7.3;0;93
22.09.2022 06:00;6.8;0;95
22.09.2022 07:00;6.1;0;100
22.09.2022 08:00;7;0;100
22.09.2022 09:00;9.2;20;92
22.09.2022 10:00;10.7;0;84
22.09.2022 11:00;12.1;0;78
22.09.2022 12:00;13.5;0;74
22.09.2022 13:00;14.5;0;69
22.09.2022 14:00;15.7;0;67
22.09.2022 15:00;16.6;0;63
22.09.2022 16:00;17.5;0;57
22.09.2022 17:00;17.9;0;54
22.09.2022 18:00;16.2;0;68
22.09.2022 19:00;13;0;83
22.09.2022 20:00;12;0;87
22.09.2022 21:00;11.2;0;90
22.09.2022 22:00;10.3;0;94
22.09.2022 23:00;9.7;0;98
23.09.2022 00:00;9.4;0;100
23.09.2022 01:00;9.3;50;100
23.09.2022 02:00;8.7;60;100
23.09.2022 03:00;8.5;60;100
23.09.2022 04:00;8.4;60;100
23.09.2022 05:00;8;60;100
23.09.2022 06:00;8;60;100
23.09.2022 07:00;8;60;100
23.09.2022 08:00;9.7;60;100
23.09.2022 09:00;12.8;60;96
23.09.2022 10:00;13.5;0;87
23.09.2022 11:00;14.3;0;80
23.09.2022 12:00;15.7;0;77
23.09.2022 13:00;17.7;0;64
23.09.2022 14:00;18.4;0;63
23.09.2022 15:00;19.1;0;62
23.09.2022 16:00;19.7;0;61
23.09.2022 17:00;19.4;0;63
23.09.2022 18:00;17.3;0;78
23.09.2022 19:00;15.2;0;91
23.09.2022 20:00;14.9;0;88
23.09.2022 21:00;14.2;0;91
23.09.2022 22:00;13.3;0;99
23.09.2022 23:00;13.1;0;100
24.09.2022 00:00;13.2;0;99
24.09.2022 01:00;13.3;60;100
24.09.2022 02:00;13;60;100
24.09.2022 03:00;13;60;100
24.09.2022 04:00;13.4;60;100
24.09.2022 05:00;13.4;60;100
24.09.2022 06:00;13.4;60;100
24.09.2022 07:00;12.9;60;100
24.09.2022 08:00;12.5;60;100
24.09.2022 09:00;13.2;60;100
24.09.2022 10:00;13.3;60;100
24.09.2022 11:00;13.4;60;100
24.09.2022 12:00;13.9;60;100
24.09.2022 13:00;14.3;60;100
24.09.2022 14:00;14.4;60;100
24.09.2022 15:00;14.6;60;100
24.09.2022 16:00;14.3;60;99
24.09.2022 17:00;14.3;60;100
24.09.2022 18:00;14.2;60;100
24.09.2022 19:00;13.4;60;100
24.09.2022 20:00;13.3;60;100
24.09.2022 21:00;12.9;60;100
24.09.2022 22:00;11.9;60;100
24.09.2022 23:00;12.3;60;100
25.09.2022 00:00;11.8;60;100
25.09.2022 01:00;11.7;60;100
25.09.2022 02:00;11;60;100
25.09.2022 03:00;11.1;60;100
25.09.2022 04:00;10.6;60;100
25.09.2022 05:00;11;60;100
25.09.2022 06:00;10.9;60;100
25.09.2022 07:00;10.9;60;100
25.09.2022 08:00;11.7;60;100
25.09.2022 09:00;12.2;60;100
25.09.2022 10:00;13.4;60;100
25.09.2022 11:00;13.6;60;100
25.09.2022 12:00;13.6;60;100
25.09.2022 13:00;13.5;60;100
25.09.2022 14:00;13.4;60;100
25.09.2022 15:00;13.5;60;100
25.09.2022 16:00;13.5;60;98
25.09.2022 17:00;13.2;60;97
25.09.2022 18:00;13.3;60;94
25.09.2022 19:00;12.8;60;99
25.09.2022 20:00;12.4;60;98
25.09.2022 21:00;12;60;100
25.09.2022 22:00;11.5;60;100
25.09.2022 23:00;10.9;60;100
26.09.2022 00:00;10.8;60;100
26.09.2022 01:00;10.7;60;100
26.09.2022 02:00;10.8;60;100
26.09.2022 03:00;10.5;60;100
26.09.2022 04:00;10.5;60;100
26.09.2022 05:00;10.5;60;100
26.09.2022 06:00;10.6;60;100
26.09.2022 07:00;10.4;60;100
26.09.2022 08:00;10.4;60;100
26.09.2022 09:00;10.5;60;100
26.09.2022 10:00;11.6;60;100
26.09.2022 11:00;12.7;60;92
26.09.2022 12:00;13.1;60;89
26.09.2022 13:00;14.3;20;79
26.09.2022 14:00;15.4;0;68
26.09.2022 15:00;15.2;0;54
26.09.2022 16:00;14.8;0;58
26.09.2022 17:00;14.9;0;59
26.09.2022 18:00;14;0;66
26.09.2022 19:00;12.1;0;87
26.09.2022 20:00;11.5;0;93
26.09.2022 21:00;11.5;0;89
26.09.2022 22:00;11.6;0;88
26.09.2022 23:00;11.7;50;94
27.09.2022 00:00;11.5;60;87
27.09.2022 01:00;10.7;60;96
27.09.2022 02:00;10.1;60;100
27.09.2022 03:00;10;60;100
27.09.2022 04:00;10.1;60;100
27.09.2022 05:00;10;60;100
27.09.2022 06:00;9.4;60;99
27.09.2022 07:00;9.6;60;98
27.09.2022 08:00;10.1;60;89
27.09.2022 09:00;9.2;60;91
27.09.2022 10:00;8.9;60;89
27.09.2022 11:00;10;60;91
27.09.2022 12:00;11.5;60;82
27.09.2022 13:00;11.5;50;75
27.09.2022 14:00;12.1;0;70
27.09.2022 15:00;12.6;10;70
27.09.2022 16:00;11.4;60;78
27.09.2022 17:00;12.2;20;74
27.09.2022 18:00;11.8;20;74
27.09.2022 19:00;10.4;60;88
27.09.2022 20:00;9.8;60;94
27.09.2022 21:00;9.4;60;99
27.09.2022 22:00;9.3;60;100
27.09.2022 23:00;9.1;60;100
28.09.2022 00:00;9.1;60;100
28.09.2022 01:00;10.2;60;87
28.09.2022 02:00;9.4;60;95
28.09.2022 03:00;9.9;60;99
28.09.2022 04:00;9.6;60;100
28.09.2022 05:00;9.1;60;100
28.09.2022 06:00;8.8;60;100
28.09.2022 07:00;8.9;60;100
28.09.2022 08:00;9.3;60;100
28.09.2022 09:00;9.9;60;100
28.09.2022 10:00;9.5;60;100
28.09.2022 11:00;9.7;60;100
28.09.2022 12:00;10.4;60;100
28.09.2022 13:00;10.6;60;100
28.09.2022 14:00;10.7;60;100
28.09.2022 15:00;9.9;60;100
28.09.2022 16:00;9.3;60;100
28.09.2022 17:00;9.1;60;100
28.09.2022 18:00;8.7;60;100
28.09.2022 19:00;8.4;60;100
28.09.2022 20:00;8.4;60;100
28.09.2022 21:00;8.2;60;100
28.09.2022 22:00;7.7;60;100
28.09.2022 23:00;7.6;60;100
29.09.2022 00:00;7.8;60;100
29.09.2022 01:00;7.7;60;100
29.09.2022 02:00;7.6;60;100
29.09.2022 03:00;7.9;60;100
29.09.2022 04:00;7.9;60;100
29.09.2022 05:00;8.2;60;100
29.09.2022 06:00;8.4;60;100
29.09.2022 07:00;8.5;60;100
29.09.2022 08:00;8.7;60;100
29.09.2022 09:00;8.8;60;100
29.09.2022 10:00;9.2;60;100
29.09.2022 11:00;9.4;60;100
29.09.2022 12:00;10;60;100
29.09.2022 13:00;10.3;60;96
29.09.2022 14:00;11.2;60;85
29.09.2022 15:00;11.3;60;83
29.09.2022 16:00;11.3;10;86
29.09.2022 17:00;11.1;20;97
29.09.2022 18:00;10.2;60;100
29.09.2022 19:00;9.8;60;100
29.09.2022 20:00;9.6;60;100
29.09.2022 21:00;9.8;60;100
29.09.2022 22:00;9.6;60;100
29.09.2022 23:00;9.5;60;100
30.09.2022 00:00;9.4;60;100
30.09.2022 01:00;9.3;60;100
30.09.2022 02:00;9.5;60;100
30.09.2022 03:00;9.3;60;100
30.09.2022 04:00;9.3;60;100
30.09.2022 05:00;9.4;60;100
30.09.2022 06:00;9.6;60;100
30.09.2022 07:00;9.3;60;100
30.09.2022 08:00;9.6;60;100
30.09.2022 09:00;10.1;60;100
30.09.2022 10:00;10.4;60;99
30.09.2022 11:00;11.2;60;93
30.09.2022 12:00;12.4;30;85
30.09.2022 13:00;12.9;0;80
30.09.2022 14:00;12.9;0;78
30.09.2022 15:00;13.3;0;76
30.09.2022 16:00;13.4;0;74
30.09.2022 17:00;13;0;76
30.09.2022 18:00;12;0;88
30.09.2022 19:00;11.4;0;95
30.09.2022 20:00;11.2;0;97
30.09.2022 21:00;10.5;0;96
30.09.2022 22:00;9.6;0;97
30.09.2022 23:00;8.2;0;100
01.10.2022 00:00;8.6;20;100
01.10.2022 01:00;8.9;60;100
01.10.2022 02:00;8.6;60;100
01.10.2022 03:00;8.8;60;100
01.10.2022 04:00;8.2;0;100
01.10.2022 05:00;7.9;40;100
01.10.2022 06:00;8.4;60;100
01.10.2022 07:00;8.6;60;100
01.10.2022 08:00;9.2;60;100
01.10.2022 09:00;10.1;60;100
01.10.2022 10:00;10.8;60;100
01.10.2022 11:00;10.9;60;100
01.10.2022 12:00;11.1;60;100
01.10.2022 13:00;12;60;92
01.10.2022 14:00;11.2;60;99
01.10.2022 15:00;11;60;100
01.10.2022 16:00;11.5;60;100
01.10.2022 17:00;11.1;60;100
01.10.2022 18:00;11.3;60;100
01.10.2022 19:00;11.2;60;100
01.10.2022 20:00;11.7;60;100
01.10.2022 21:00;12.6;60;100
01.10.2022 22:00;12.9;60;100
01.10.2022 23:00;13.7;60;100
02.10.2022 00:00;13.7;60;100
02.10.2022 01:00;13.7;60;100
02.10.2022 02:00;13.5;60;100
02.10.2022 03:00;13.3;60;100
02.10.2022 04:00;13.3;60;100
02.10.2022 05:00;13.2;60;100
02.10.2022 06:00;12.8;60;100
02.10.2022 07:00;12.9;60;100
02.10.2022 08:00;13.5;60;100
02.10.2022 09:00;14.5;60;100
02.10.2022 10:00;15.4;60;100
02.10.2022 11:00;15.4;60;100
02.10.2022 12:00;16.3;60;100
02.10.2022 13:00;16.4;60;100
02.10.2022 14:00;17.7;60;97
02.10.2022 15:00;20;60;79
02.10.2022 16:00;19.9;10;73
02.10.2022 17:00;19.9;0;69
02.10.2022 18:00;18.4;0;68
02.10.2022 19:00;16.8;0;73
02.10.2022 20:00;16.7;0;71
02.10.2022 21:00;16.4;0;74
02.10.2022 22:00;16;20;80
02.10.2022 23:00;14.5;60;98
03.10.2022 00:00;14.5;60;98
03.10.2022 01:00;14.2;60;100
03.10.2022 02:00;14;60;100
03.10.2022 03:00;13.1;60;100
03.10.2022 04:00;12.7;60;100
03.10.2022 05:00;12.4;60;100
03.10.2022 06:00;12.2;60;100
03.10.2022 07:00;12.2;60;100
03.10.2022 08:00;12.5;60;100
03.10.2022 09:00;12.9;60;100
03.10.2022 10:00;13.6;60;100
03.10.2022 11:00;14.1;60;96
03.10.2022 12:00;15.2;0;86
03.10.2022 13:00;15.3;0;84
03.10.2022 14:00;15.7;0;79
03.10.2022 15:00;15.6;0;79
03.10.2022 16:00;16;0;75
03.10.2022 17:00;15.9;0;78
03.10.2022 18:00;14.3;0;92
03.10.2022 19:00;13.3;0;99
03.10.2022 20:00;12.5;0;100
03.10.2022 21:00;11.6;0;100
03.10.2022 22:00;10.9;0;100
03.10.2022 23:00;10.4;10;100
04.10.2022 00:00;9.8;60;100
04.10.2022 01:00;9.5;60;100
04.10.2022 02:00;9.9;60;100
04.10.2022 03:00;9.1;60;100
04.10.2022 04:00;8.5;60;100
04.10.2022 05:00;9.3;60;100
04.10.2022 06:00;9.8;60;100
04.10.2022 07:00;10.1;60;100
04.10.2022 08:00;10.6;60;100
04.10.2022 09:00;11.1;60;100
04.10.2022 10:00;11.9;10;98
04.10.2022 11:00;12.9;0;89
04.10.2022 12:00;13.3;0;84
04.10.2022 13:00;14.5;0;80
04.10.2022 14:00;15.5;0;74
04.10.2022 15:00;16;0;73
04.10.2022 16:00;17.3;0;70
04.10.2022 17:00;17.4;0;73
04.10.2022 18:00;14.2;0;91
04.10.2022 19:00;12.3;0;100
04.10.2022 20:00;11.5;0;100
04.10.2022 21:00;10.7;20;100
04.10.2022 22:00;10.2;60;100
04.10.2022 23:00;9.7;60;100
05.10.2022 00:00;9.2;60;100
05.10.2022 01:00;9.1;60;100
05.10.2022 02:00;8.8;60;100
05.10.2022 03:00;8.5;60;100
05.10.2022 04:00;8;60;100
05.10.2022 05:00;7.6;60;100
05.10.2022 06:00;7.6;60;100
05.10.2022 07:00;7.7;60;100
05.10.2022 08:00;9;60;98
05.10.2022 09:00;13;60;80
05.10.2022 10:00;13.8;20;75
05.10.2022 11:00;14.7;0;71
05.10.2022 12:00;17.2;0;63
05.10.2022 13:00;18.4;0;63
05.10.2022 14:00;19.7;0;57
05.10.2022 15:00;20.5;0;50
05.10.2022 16:00;21.2;0;46
05.10.2022 17:00;20.9;0;53
05.10.2022 18:00;16.4;0;81
05.10.2022 19:00;14.3;0;89
05.10.2022 20:00;13.2;0;92
05.10.2022 21:00;12.5;0;95
05.10.2022 22:00;11.7;0;98
05.10.2022 23:00;11.5;0;99
06.10.2022 00:00;11;0;98
06.10.2022 01:00;10.6;0;100
06.10.2022 02:00;10.1;10;100
06.10.2022 03:00;10.3;60;98
06.10.2022 04:00;9.9;60;100
06.10.2022 05:00;10;60;100
06.10.2022 06:00;10.2;60;100
06.10.2022 07:00;10.1;60;100
06.10.2022 08:00;11.2;60;98
06.10.2022 09:00;13.9;20;87
06.10.2022 10:00;14.8;0;83
06.10.2022 11:00;16.1;0;79
06.10.2022 12:00;17.5;0;76
06.10.2022 13:00;18.4;0;73
06.10.2022 14:00;19.9;0;69
06.10.2022 15:00;20.8;0;66
06.10.2022 16:00;20.7;0;67
06.10.2022 17:00;20.7;0;68
06.10.2022 18:00;18.2;0;80
06.10.2022 19:00;17.6;0;82
06.10.2022 20:00;15.6;0;94
06.10.2022 21:00;14.2;0;100
06.10.2022 22:00;13.2;20;100
06.10.2022 23:00;12.5;60;100
07.10.2022 00:00;12.7;60;100
07.10.2022 01:00;12.7;60;100
07.10.2022 02:00;12.7;60;100
07.10.2022 03:00;13.7;60;100
07.10.2022 04:00;13.6;60;100
07.10.2022 05:00;13.5;60;100
07.10.2022 06:00;13.6;60;100
07.10.2022 07:00;13.5;60;100
07.10.2022 08:00;13.8;60;100
07.10.2022 09:00;14.6;60;96
07.10.2022 10:00;15;0;94
07.10.2022 11:00;15.1;0;93
07.10.2022 12:00;15.9;0;88
07.10.2022 13:00;17.2;0;82
07.10.2022 14:00;17.7;0;79
07.10.2022 15:00;18;0;80
07.10.2022 16:00;18.3;0;78
07.10.2022 17:00;18.3;0;78
07.10.2022 18:00;15.5;0;96
07.10.2022 19:00;14.2;0;100
07.10.2022 20:00;13.7;0;100
07.10.2022 21:00;13.2;50;100
07.10.2022 22:00;12.8;60;100
07.10.2022 23:00;13.2;60;100
08.10.2022 00:00;13.1;60;100
08.10.2022 01:00;13.1;60;100
08.10.2022 02:00;12.9;60;100
08.10.2022 03:00;12.8;60;100
08.10.2022 04:00;13.3;60;100
08.10.2022 05:00;13.4;60;100
08.10.2022 06:00;13.2;60;100
08.10.2022 07:00;13.1;60;100
08.10.2022 08:00;13.4;60;100
08.10.2022 09:00;14.3;30;97
08.10.2022 10:00;15;0;92
08.10.2022 11:00;15.4;0;90
08.10.2022 12:00;15.5;0;90
08.10.2022 13:00;15.7;30;89
08.10.2022 14:00;15.5;50;94
08.10.2022 15:00;15.4;60;100
08.10.2022 16:00;14.6;60;100
08.10.2022 17:00;13.7;60;100
08.10.2022 18:00;12.1;60;100
08.10.2022 19:00;11.9;60;100
08.10.2022 20:00;11.7;60;100
08.10.2022 21:00;11.5;60;100
08.10.2022 22:00;11.5;60;100
08.10.2022 23:00;11.8;60;100
09.10.2022 00:00;11.9;60;100
09.10.2022 01:00;11.9;60;100
09.10.2022 02:00;11.8;60;100
09.10.2022 03:00;12;60;98
09.10.2022 04:00;11.9;60;97
09.10.2022 05:00;12.1;60;94
09.10.2022 06:00;11.8;60;96
09.10.2022 07:00;11;60;100
09.10.2022 08:00;10.9;60;98
09.10.2022 09:00;11;40;96
09.10.2022 10:00;11.3;0;93
09.10.2022 11:00;11.6;0;91
09.10.2022 12:00;12.4;0;88
09.10.2022 13:00;12.7;0;87
09.10.2022 14:00;13.1;0;87
09.10.2022 15:00;13.5;0;85
09.10.2022 16:00;13.7;0;85
09.10.2022 17:00;13.6;0;87
09.10.2022 18:00;13.4;0;89
09.10.2022 19:00;12.4;0;98
09.10.2022 20:00;12.5;0;100
09.10.2022 21:00;12.5;0;99
09.10.2022 22:00;12.3;0;98
09.10.2022 23:00;11.5;0;100
10.10.2022 00:00;11.2;0;100
10.10.2022 01:00;10.7;0;100
10.10.2022 02:00;10;0;100
10.10.2022 03:00;10.1;0;100
10.10.2022 04:00;10.3;0;100
10.10.2022 05:00;10.5;40;100
10.10.2022 06:00;10.2;60;100
10.10.2022 07:00;10.5;60;100
10.10.2022 08:00;11.1;60;100
10.10.2022 09:00;11.9;60;100
10.10.2022 10:00;12.8;20;100
10.10.2022 11:00;13.7;0;100
10.10.2022 12:00;15.2;0;95
10.10.2022 13:00;16.6;0;85
10.10.2022 14:00;17.7;0;74
10.10.2022 15:00;18.9;0;69
10.10.2022 16:00;19;0;69
10.10.2022 17:00;18.8;0;77
10.10.2022 18:00;15.9;0;93
10.10.2022 19:00;14;0;100
10.10.2022 20:00;13.1;0;100
10.10.2022 21:00;12.4;20;100
10.10.2022 22:00;12.1;60;100
10.10.2022 23:00;12.7;60;100
11.10.2022 00:00;12.1;60;100
11.10.2022 01:00;12.4;60;100
11.10.2022 02:00;12.9;60;100
11.10.2022 03:00;13;60;100
11.10.2022 04:00;12.6;60;100
11.10.2022 05:00;12.4;60;100
11.10.2022 06:00;12.3;60;100
11.10.2022 07:00;12.4;60;100
11.10.2022 08:00;12.8;60;100
11.10.2022 09:00;13.8;60;99
11.10.2022 10:00;15;10;91
11.10.2022 11:00;15.6;0;86
11.10.2022 12:00;16.4;0;86
11.10.2022 13:00;18;0;79
11.10.2022 14:00;19.2;0;75
11.10.2022 15:00;19.7;0;70
11.10.2022 16:00;19.4;0;70
11.10.2022 17:00;18.7;0;76
11.10.2022 18:00;17.6;0;84
11.10.2022 19:00;16.4;0;88
11.10.2022 20:00;15.5;0;92
11.10.2022 21:00;14.7;0;97
11.10.2022 22:00;14;0;100
11.10.2022 23:00;14.1;0;99
12.10.2022 00:00;13.6;0;100
12.10.2022 01:00;13.1;0;100
12.10.2022 02:00;13.6;0;100
12.10.2022 03:00;13.6;0;100
12.10.2022 04:00;13.6;0;100
12.10.2022 05:00;13.6;0;100
12.10.2022 06:00;13.5;0;100
12.10.2022 07:00;13.5;0;100
12.10.2022 08:00;13.6;0;100
12.10.2022 09:00;14.1;0;100
12.10.2022 10:00;14.4;0;98
12.10.2022 11:00;14.8;0;95
12.10.2022 12:00;15.2;0;93
12.10.2022 13:00;15.6;0;88
12.10.2022 14:00;15.8;0;85
12.10.2022 15:00;16.1;0;82
12.10.2022 16:00;16.2;0;81
12.10.2022 17:00;16;0;80
12.10.2022 18:00;15.6;0;85
12.10.2022 19:00;14.9;0;91
12.10.2022 20:00;14.5;0;94
12.10.2022 21:00;13.7;0;100
12.10.2022 22:00;12.6;0;100
12.10.2022 23:00;11.9;0;100
13.10.2022 00:00;11;30;100
13.10.2022 01:00;10.3;60;100
13.10.2022 02:00;10.1;60;100
13.10.2022 03:00;10.5;60;100
13.10.2022 04:00;10;60;100
13.10.2022 05:00;10.3;60;100
13.10.2022 06:00;11.2;60;100
13.10.2022 07:00;11.4;60;100
13.10.2022 08:00;11.8;60;100
13.10.2022 09:00;13.1;40;97
13.10.2022 10:00;13.5;0;99
13.10.2022 11:00;13.9;0;97
13.10.2022 12:00;14.8;0;93
13.10.2022 13:00;15.8;0;88
13.10.2022 14:00;16.7;0;82
13.10.2022 15:00;17.2;0;79
13.10.2022 16:00;17.2;0;78
13.10.2022 17:00;16.6;0;85
13.10.2022 18:00;15.4;0;96
13.10.2022 19:00;14.8;30;99
13.10.2022 20:00;14;60;100
13.10.2022 21:00;13.4;60;100
13.10.2022 22:00;13.1;60;100
13.10.2022 23:00;13.1;60;100
14.10.2022 00:00;13.3;60;100
14.10.2022 01:00;13.1;60;100
14.10.2022 02:00;12.6;60;100
14.10.2022 03:00;12.4;60;100
14.10.2022 04:00;12.4;60;100
14.10.2022 05:00;12.3;60;100
14.10.2022 06:00;12.3;50;100
14.10.2022 07:00;12.3;60;100
14.10.2022 08:00;12.5;60;100
14.10.2022 09:00;13.1;60;100
14.10.2022 10:00;13.6;60;100
14.10.2022 11:00;14.2;60;100
14.10.2022 12:00;15.1;60;92
14.10.2022 13:00;15.5;10;85
14.10.2022 14:00;15.6;50;87
14.10.2022 15:00;15.6;20;85
14.10.2022 16:00;15.6;10;90
14.10.2022 17:00;14.8;60;100
14.10.2022 18:00;14.3;60;100
14.10.2022 19:00;14.1;60;100
14.10.2022 20:00;13.9;60;100
14.10.2022 21:00;13.8;60;100
14.10.2022 22:00;13.7;60;100
14.10.2022 23:00;13.6;60;100
15.10.2022 00:00;13.5;60;100
15.10.2022 01:00;13.5;60;100
15.10.2022 02:00;13.3;60;100
15.10.2022 03:00;13.2;60;100
15.10.2022 04:00;13.2;60;100
15.10.2022 05:00;13.2;60;100
15.10.2022 06:00;13.1;60;100
15.10.2022 07:00;13.1;60;100
15.10.2022 08:00;13.4;60;100
15.10.2022 09:00;14.1;60;100
15.10.2022 10:00;15;60;100
15.10.2022 11:00;15.1;60;100
15.10.2022 12:00;15.5;60;100
15.10.2022 13:00;16.4;20;100
15.10.2022 14:00;17.2;0;99
15.10.2022 15:00;18.1;0;89
15.10.2022 16:00;18.4;0;81
15.10.2022 17:00;18.2;0;87
15.10.2022 18:00;15.7;0;96
15.10.2022 19:00;14.1;0;100
15.10.2022 20:00;13.5;40;100
15.10.2022 21:00;13.7;60;100
15.10.2022 22:00;13.5;60;100
15.10.2022 23:00;13.1;60;100
16.10.2022 00:00;12.8;60;100
16.10.2022 01:00;13.1;60;100
16.10.2022 02:00;13.3;60;100
16.10.2022 03:00;13.5;60;100
16.10.2022 04:00;12.9;60;100
16.10.2022 05:00;12;60;100
16.10.2022 06:00;12.6;60;100
16.10.2022 07:00;12.1;60;100
16.10.2022 08:00;12.8;60;100
16.10.2022 09:00;13.8;60;100
16.10.2022 10:00;14.9;60;97
16.10.2022 11:00;15.9;20;89
16.10.2022 12:00;17.9;0;75
16.10.2022 13:00;19.2;0;68
16.10.2022 14:00;19.9;0;62
16.10.2022 15:00;20.8;0;60
16.10.2022 16:00;22.1;0;63
16.10.2022 17:00;21;0;73
16.10.2022 18:00;19;0;81
16.10.2022 19:00;16.5;0;93
16.10.2022 20:00;15.1;0;99
16.10.2022 21:00;14.2;0;100
16.10.2022 22:00;13.4;0;100
16.10.2022 23:00;12.8;0;100
17.10.2022 00:00;12.4;40;100
17.10.2022 01:00;11.9;60;100
17.10.2022 02:00;11.3;60;100
17.10.2022 03:00;11.1;60;100
17.10.2022 04:00;10.7;60;100
17.10.2022 05:00;10.4;60;100
17.10.2022 06:00;10.3;60;100
17.10.2022 07:00;10.1;60;100
17.10.2022 08:00;11;60;100
17.10.2022 09:00;14.8;50;88
17.10.2022 10:00;15.2;0;90
17.10.2022 11:00;16;0;84
17.10.2022 12:00;17;0;70
17.10.2022 13:00;18.6;0;69
17.10.2022 14:00;19.5;0;64
17.10.2022 15:00;20.7;0;60
17.10.2022 16:00;21.7;0;63
17.10.2022 17:00;20;0;75
17.10.2022 18:00;16.7;0;92
17.10.2022 19:00;15.3;0;97
17.10.2022 20:00;14.5;0;92
17.10.2022 21:00;13.4;0;97
17.10.2022 22:00;12.9;0;98
17.10.2022 23:00;12.4;0;100
18.10.2022 00:00;12.1;0;100
18.10.2022 01:00;11.9;0;100
18.10.2022 02:00;11.8;0;100
18.10.2022 03:00;11.7;0;100
18.10.2022 04:00;12;0;100
18.10.2022 05:00;11.8;0;100
18.10.2022 06:00;12.2;0;100
18.10.2022 07:00;12.2;0;100
18.10.2022 08:00;13.3;0;98
18.10.2022 09:00;15.3;0;87
18.10.2022 10:00;16.5;0;82
18.10.2022 11:00;17.4;0;79
18.10.2022 12:00;18;0;75
18.10.2022 13:00;19.8;0;69
18.10.2022 14:00;21.3;0;66
18.10.2022 15:00;22.4;0;59
18.10.2022 16:00;21.6;0;66
18.10.2022 17:00;19.3;0;79
18.10.2022 18:00;17.1;0;89
18.10.2022 19:00;16.1;0;92
18.10.2022 20:00;14.6;0;98
18.10.2022 21:00;14.2;0;99
18.10.2022 22:00;13.7;0;100
18.10.2022 23:00;13.3;0;99
19.10.2022 00:00;12.9;0;100
19.10.2022 01:00;12.2;0;100
19.10.2022 02:00;11.7;0;100
19.10.2022 03:00;11.6;0;100
19.10.2022 04:00;11.2;30;100
19.10.2022 05:00;11.1;60;100
19.10.2022 06:00;11;60;100
19.10.2022 07:00;11.3;60;100
19.10.2022 08:00;12.2;60;100
19.10.2022 09:00;13.4;60;100
19.10.2022 10:00;13.9;0;100
19.10.2022 11:00;14.9;0;96
19.10.2022 12:00;15.5;0;90
19.10.2022 13:00;16.4;0;88
19.10.2022 14:00;17.4;0;84
19.10.2022 15:00;17.4;0;85
19.10.2022 16:00;17.7;0;85
19.10.2022 17:00;17.7;0;85
19.10.2022 18:00;16.1;0;94
19.10.2022 19:00;15.3;0;98
19.10.2022 20:00;14.3;0;100
19.10.2022 21:00;13.5;0;100
19.10.2022 22:00;13;30;100
19.10.2022 23:00;12.8;60;100
20.10.2022 00:00;13.5;60;100
20.10.2022 01:00;13.8;60;100
20.10.2022 02:00;14.1;20;100
20.10.2022 03:00;13.6;0;100
20.10.2022 04:00;13;30;100
20.10.2022 05:00;13.2;0;100
20.10.2022 06:00;12.7;30;100
20.10.2022 07:00;12.5;50;100
20.10.2022 08:00;12.4;30;100
20.10.2022 09:00;13.8;0;100
20.10.2022 10:00;14.8;0;100
20.10.2022 11:00;15.6;0;94
20.10.2022 12:00;16.1;0;91
20.10.2022 13:00;16.2;0;92
20.10.2022 14:00;16.2;0;94
20.10.2022 15:00;16.9;0;87
20.10.2022 16:00;17.3;0;85
20.10.2022 17:00;17;0;87
20.10.2022 18:00;15.8;0;96
20.10.2022 19:00;15.4;10;100
20.10.2022 20:00;15.1;60;100
20.10.2022 21:00;15;60;100
20.10.2022 22:00;15.2;60;100
20.10.2022 23:00;14.9;60;100
21.10.2022 00:00;14.5;60;100
21.10.2022 01:00;14.2;60;100
21.10.2022 02:00;14.4;60;100
21.10.2022 03:00;14.4;60;100
21.10.2022 04:00;14.3;60;100
21.10.2022 05:00;14.1;60;100
21.10.2022 06:00;13.9;60;100
21.10.2022 07:00;13.9;60;100
21.10.2022 08:00;14;60;100
21.10.2022 09:00;15;60;100
21.10.2022 10:00;15.6;60;100
21.10.2022 11:00;15.8;60;99
21.10.2022 12:00;15.4;60;100
21.10.2022 13:00;15.8;60;100
21.10.2022 14:00;16.2;60;100
21.10.2022 15:00;16.2;60;99
21.10.2022 16:00;16.2;60;98
21.10.2022 17:00;15.6;60;100
21.10.2022 18:00;14.8;60;100
21.10.2022 19:00;14.7;60;100
21.10.2022 20:00;14.6;60;100
21.10.2022 21:00;14.3;60;100
21.10.2022 22:00;14.1;60;100
21.10.2022 23:00;14.5;60;100
22.10.2022 00:00;14.3;60;100
22.10.2022 01:00;14.5;60;100
22.10.2022 02:00;14.1;60;100
22.10.2022 03:00;13.6;60;100
22.10.2022 04:00;13.6;60;100
22.10.2022 05:00;13.4;60;100
22.10.2022 06:00;13.3;60;100
22.10.2022 07:00;13.4;60;100
22.10.2022 08:00;13.2;60;100
22.10.2022 09:00;13.7;60;100
22.10.2022 10:00;15;60;100
22.10.2022 11:00;15.9;60;96
22.10.2022 12:00;17.5;0;79
22.10.2022 13:00;18.1;0;72
22.10.2022 14:00;18.8;0;69
22.10.2022 15:00;19.3;0;65
22.10.2022 16:00;19.8;0;66
22.10.2022 17:00;16.8;0;81
22.10.2022 18:00;14.3;0;93
22.10.2022 19:00;13;0;99
22.10.2022 20:00;12.7;0;99
22.10.2022 21:00;12.2;0;99
22.10.2022 22:00;11.9;0;100
22.10.2022 23:00;11.6;0;100
23.10.2022 00:00;11.5;0;100
23.10.2022 01:00;11.1;0;100
23.10.2022 02:00;10.5;0;100
23.10.2022 03:00;10.6;0;100
23.10.2022 04:00;10.4;0;100
23.10.2022 05:00;10.3;0;100
23.10.2022 06:00;9.8;0;100
23.10.2022 07:00;9.3;0;100
23.10.2022 08:00;9.7;50;100
23.10.2022 09:00;12.2;10;96
23.10.2022 10:00;13.6;0;97
23.10.2022 11:00;14;0;95
23.10.2022 12:00;15.1;0;86
23.10.2022 13:00;16.8;0;80
23.10.2022 14:00;17.6;0;78
23.10.2022 15:00;17.8;0;77
23.10.2022 16:00;17.6;0;79
23.10.2022 17:00;16.6;0;89
23.10.2022 18:00;16.1;0;92
23.10.2022 19:00;15.5;0;95
23.10.2022 20:00;15.9;0;90
23.10.2022 21:00;17.3;20;80
23.10.2022 22:00;18.7;0;71
23.10.2022 23:00;17.3;40;82
24.10.2022 00:00;15.8;60;96
24.10.2022 01:00;15.5;60;98
24.10.2022 02:00;15.3;60;96
24.10.2022 03:00;15.3;60;96
24.10.2022 04:00;15.7;60;84
24.10.2022 05:00;15.4;60;94
24.10.2022 06:00;15.4;60;94
24.10.2022 07:00;15.2;60;96
24.10.2022 08:00;14.9;60;100
24.10.2022 09:00;14.8;60;100
24.10.2022 10:00;15.2;60;100
24.10.2022 11:00;15.2;60;100
24.10.2022 12:00;15.1;60;100
24.10.2022 13:00;14.3;60;99
24.10.2022 14:00;14.8;60;97
24.10.2022 15:00;15.1;60;91
24.10.2022 16:00;14.6;60;91
24.10.2022 17:00;13.6;60;100
24.10.2022 18:00;13.7;60;100
24.10.2022 19:00;13;60;100
24.10.2022 20:00;12.1;60;100
24.10.2022 21:00;11.7;60;100
24.10.2022 22:00;11.5;60;100
24.10.2022 23:00;10.9;60;100
